time_s,capacitor_v,control_voltage_v,output_power_w,fet_conduction_loss_w,coil_copper_loss_w,peak_current_a,frequency_hz,duty_pct
0.000000,22.200000,22.200000,0.000000,0.000000,0.000000,0.000000,0.000000,0.000000
0.001000,26.584406,22.200000,145.445631,1.298392,1.974059,23.667842,10284.245108,9.998572
0.002000,28.692940,26.584406,79.256846,1.123531,1.059796,20.567334,10284.245108,9.998572
0.003000,30.366936,28.692940,67.228875,1.123531,0.900531,20.567334,10284.245108,9.998572
0.004000,31.933010,30.366936,66.345100,1.235884,0.889336,20.567334,10284.245108,9.998572
0.005000,33.192770,31.933010,55.789138,1.123531,0.748081,20.567334,10284.245108,9.998572
0.006000,34.340123,33.192770,52.689151,1.123531,0.706610,20.567334,10284.245108,9.998572
0.007000,35.400735,34.340123,50.298264,1.123531,0.674579,20.567334,10284.245108,9.998572
0.008000,36.487545,35.400735,53.127658,1.235884,0.712523,20.567334,10284.245108,9.998572
0.009000,37.415941,36.487545,46.655935,1.123531,0.625705,20.567334,10284.245108,9.998572
0.010000,38.296648,37.415941,45.342829,1.123531,0.608063,20.567334,10284.245108,9.998572
0.011000,39.218276,38.296648,48.579117,1.235884,0.651419,20.567334,10284.245108,9.998572
0.012000,40.018893,39.218276,43.138252,1.123531,0.578416,20.567334,10284.245108,9.998572
0.013000,40.788348,40.018893,42.280754,1.123531,0.566876,20.567334,10284.245108,9.998572
0.014000,41.530024,40.788348,41.516439,1.123531,0.556585,20.567334,10284.245108,9.998572
0.015000,42.317124,41.530024,44.877332,1.235884,0.601592,20.567334,10284.245108,9.998572
0.016000,43.009086,42.317124,40.148865,1.123531,0.538162,20.567334,10284.245108,9.998572
0.017000,43.680644,43.009086,39.587718,1.123531,0.530598,20.567334,10284.245108,9.998572
0.018000,44.397823,43.680644,42.954252,1.235884,0.575674,20.567334,10284.245108,9.998572
0.019000,45.031822,44.397823,38.554868,1.123531,0.516672,20.567334,10284.245108,9.998572
0.020000,45.650022,45.031822,38.120449,1.123531,0.510812,20.567334,10284.245108,9.998572
0.021000,46.253548,45.650022,37.717032,1.123531,0.505369,20.567334,10284.245108,9.998572
0.022000,46.901668,46.253548,41.055495,1.235884,0.550060,20.567334,10284.245108,9.998572
0.023000,47.477502,46.901668,36.955754,1.123531,0.495095,20.567334,10284.245108,9.998572
0.024000,48.041423,47.477502,36.628323,1.123531,0.490675,20.567334,10284.245108,9.998572
0.025000,48.648824,48.041423,39.936247,1.235884,0.534950,20.567334,10284.245108,9.998572
0.026000,49.189963,48.648824,36.002123,1.123531,0.482219,20.567334,10284.245108,9.998572
0.027000,49.721180,49.189963,35.729488,1.123531,0.478537,20.567334,10284.245108,9.998572
0.028000,50.243005,49.721180,35.471341,1.123531,0.475050,20.567334,10284.245108,9.998572
0.029000,52.002022,50.243005,122.298494,3.932358,1.637663,20.567334,34269.395526,33.317468
0.030000,53.622243,52.002022,116.371586,3.820005,1.557996,20.567334,34269.395526,33.317468
0.031000,55.167471,53.622243,114.311326,3.820005,1.530142,20.567334,34269.395526,33.317468
0.032000,56.647249,55.167471,112.513445,3.820005,1.505828,20.567334,34269.395526,33.317468
0.033000,58.110269,56.647249,114.166939,3.932358,1.527721,20.567334,34269.395526,33.317468
0.034000,59.479351,58.110269,109.473089,3.820005,1.464697,20.567334,34269.395526,33.317468
0.035000,60.802302,59.479351,108.206229,3.820005,1.447553,20.567334,34269.395526,33.317468
0.036000,62.120585,60.802302,110.192053,3.932358,1.473930,20.567334,34269.395526,33.317468
0.037000,63.362675,62.120585,105.985757,3.820005,1.417496,20.567334,34269.395526,33.317468
0.038000,64.570015,63.362675,105.031639,3.820005,1.404577,20.567334,34269.395526,33.317468
0.039000,65.745370,64.570015,104.153447,3.820005,1.392685,20.567334,34269.395526,33.317468
0.040000,66.924429,65.745370,106.369401,3.932358,1.422170,20.567334,34269.395526,33.317468
0.041000,68.041993,66.924429,102.566838,3.820005,1.371196,20.567334,34269.395526,33.317468
0.042000,69.134048,68.041993,101.866555,3.820005,1.361710,20.567334,34269.395526,33.317468
0.043000,70.202265,69.134048,101.212177,3.820005,1.352844,20.567334,34269.395526,33.317468
0.044000,71.278578,70.202265,103.548792,3.932358,1.383960,20.567334,34269.395526,33.317468
0.045000,72.302860,71.278578,100.006158,3.820005,1.336503,20.567334,34269.395526,33.317468
0.046000,73.307396,72.302860,99.464177,3.820005,1.329158,20.567334,34269.395526,33.317468
0.047000,74.293288,73.307396,98.952402,3.820005,1.322223,20.567334,34269.395526,33.317468
0.048000,75.289756,74.293288,101.357181,3.932358,1.354259,20.567334,34269.395526,33.317468
0.049000,76.240795,75.289756,97.995829,3.820005,1.309257,20.567334,34269.395526,33.317468
0.050000,77.175967,76.240795,97.560346,3.820005,1.303354,20.567334,34269.395526,33.317468
0.051000,78.122881,77.175967,99.997138,3.932358,1.335823,20.567334,34269.395526,33.317468
0.052000,79.028152,78.122881,96.739720,3.820005,1.292229,20.567334,34269.395526,33.317468
0.053000,79.919707,79.028152,96.363291,3.820005,1.287125,20.567334,34269.395526,33.317468
0.054000,80.798151,79.919707,96.003481,3.820005,1.282247,20.567334,34269.395526,33.317468
0.055000,81.689328,80.798151,98.467542,3.932358,1.315084,20.567334,34269.395526,33.317468
0.056000,82.542851,81.689328,95.319583,3.820005,1.272973,20.567334,34269.395526,33.317468
0.057000,83.384849,82.542851,95.003330,3.820005,1.268684,20.567334,34269.395526,33.317468
0.058000,84.215777,83.384849,94.699559,3.820005,1.264565,20.567334,34269.395526,33.317468
0.059000,85.060029,84.215777,97.179852,3.932358,1.297622,20.567334,34269.395526,33.317468
0.060000,85.869772,85.060029,94.118222,3.820005,1.256681,20.567334,34269.395526,33.317468
0.061000,86.669654,85.869772,93.847660,3.820005,1.253011,20.567334,34269.395526,33.317468
0.062000,87.483134,86.669654,96.335450,3.932358,1.286169,20.567334,34269.395526,33.317468
0.063000,88.264066,87.483134,93.327667,3.820005,1.245958,20.567334,34269.395526,33.317468
0.064000,89.036142,88.264066,93.084676,3.820005,1.242662,20.567334,34269.395526,33.317468
0.065000,89.799657,89.036142,92.849773,3.820005,1.239475,20.567334,34269.395526,33.317468
0.066000,90.576979,89.799657,95.343345,3.932358,1.272711,20.567334,34269.395526,33.317468
0.067000,91.323961,90.576979,92.396141,3.820005,1.233321,20.567334,34269.395526,33.317468
0.068000,92.063181,91.323961,92.183192,3.820005,1.230432,20.567334,34269.395526,33.317468
0.069000,92.794877,92.063181,91.976749,3.820005,1.227631,20.567334,34269.395526,33.317468
0.070000,93.540472,92.794877,94.472824,3.932358,1.260901,20.567334,34269.395526,33.317468
0.071000,94.257579,93.540472,91.576473,3.820005,1.222200,20.567334,34269.395526,33.317468
0.072000,94.967811,94.257579,91.387847,3.820005,1.219641,20.567334,34269.395526,33.317468
0.073000,95.671361,94.967811,91.204547,3.820005,1.217154,20.567334,34269.395526,33.317468
0.074000,96.388821,95.671361,93.700924,3.932358,1.250427,20.567334,34269.395526,33.317468
0.075000,97.079374,96.388821,90.847929,3.820005,1.212315,20.567334,34269.395526,33.317468
0.076000,97.763780,97.079374,90.679325,3.820005,1.210027,20.567334,34269.395526,33.317468
0.077000,98.462067,97.763780,93.174914,3.932358,1.243289,20.567334,34269.395526,33.317468
0.078000,99.134490,98.462067,90.350559,3.820005,1.205565,20.567334,34269.395526,33.317468
0.079000,99.801235,99.134490,90.194787,3.820005,1.203451,20.567334,34269.395526,33.317468
0.080000,100.462443,99.801235,90.042897,3.820005,1.201390,20.567334,34269.395526,33.317468
0.081000,101.787843,100.462443,182.282425,7.752362,2.431985,20.567334,68506.184586,66.603235
0.082000,103.073304,101.787843,179.071989,7.640009,2.389021,20.567334,68506.184586,66.603235
0.083000,104.357609,103.073304,181.155078,7.752362,2.416684,20.567334,68506.184586,66.603235
0.084000,105.604414,104.357609,178.011528,7.640009,2.374627,20.567334,68506.184586,66.603235
0.085000,106.851225,105.604414,180.126528,7.752362,2.402723,20.567334,68506.184586,66.603235
0.086000,108.062663,106.851225,177.041363,7.640009,2.361458,20.567334,68506.184586,66.603235
0.087000,109.275083,108.062663,179.183139,7.752362,2.389917,20.567334,68506.184586,66.603235
0.088000,110.454004,109.275083,176.149365,7.640009,2.349349,20.567334,68506.184586,66.603235
0.089000,111.634731,110.454004,178.313773,7.752362,2.378115,20.567334,68506.184586,66.603235
0.090000,112.783620,111.634731,175.325573,7.640009,2.338166,20.567334,68506.184586,66.603235
0.091000,113.935016,112.783620,177.509228,7.752362,2.367193,20.567334,68506.184586,66.603235
0.092000,115.056057,113.935016,174.561714,7.640009,2.327795,20.567334,68506.184586,66.603235
0.093000,116.180205,115.056057,176.761830,7.752362,2.357045,20.567334,68506.184586,66.603235
0.094000,117.275330,116.180205,173.850857,7.640009,2.318144,20.567334,68506.184586,66.603235
0.095000,118.374078,117.275330,176.065118,7.752362,2.347585,20.567334,68506.184586,66.603235
0.096000,119.445006,118.374078,173.187142,7.640009,2.309132,20.567334,68506.184586,66.603235
0.097000,120.520001,119.445006,175.413612,7.752362,2.338739,20.567334,68506.184586,66.603235
0.098000,121.568267,120.520001,172.565579,7.640009,2.300692,20.567334,68506.184586,66.603235
0.099000,122.620986,121.568267,174.802625,7.752362,2.330442,20.567334,68506.184586,66.603235
0.100000,123.647971,122.620986,171.981888,7.640009,2.292766,20.567334,68506.184586,66.603235
0.101000,124.679744,123.647971,174.228124,7.752362,2.322641,20.567334,68506.184586,66.603235
0.102000,125.686694,124.679744,171.432371,7.640009,2.285303,20.567334,68506.184586,66.603235
0.103000,126.698723,125.686694,173.686616,7.752362,2.315287,20.567334,68506.184586,66.603235
0.104000,127.686766,126.698723,170.913821,7.640009,2.278261,20.567334,68506.184586,66.603235
0.105000,128.680144,127.686766,173.175059,7.752362,2.308340,20.567334,68506.184586,66.603235
0.106000,129.650307,128.680144,170.423432,7.640009,2.271601,20.567334,68506.184586,66.603235
0.107000,130.626028,129.650307,172.690791,7.752362,2.301763,20.567334,68506.184586,66.603235
0.108000,131.579248,130.626028,169.958746,7.640009,2.265290,20.567334,68506.184586,66.603235
0.109000,132.538222,131.579248,172.231468,7.752362,2.295524,20.567334,68506.184586,66.603235
0.110000,133.475356,132.538222,169.517592,7.640009,2.259298,20.567334,68506.184586,66.603235
0.111000,134.418416,133.475356,171.795020,7.752362,2.289597,20.567334,68506.184586,66.603235
0.112000,135.340253,134.418416,169.098050,7.640009,2.253600,20.567334,68506.184586,66.603235
0.113000,136.268165,135.340253,171.379610,7.752362,2.283954,20.567334,68506.184586,66.603235
0.114000,137.175431,136.268165,168.698410,7.640009,2.248172,20.567334,68506.184586,66.603235
0.115000,138.088904,137.175431,170.983599,7.752362,2.278575,20.567334,68506.184586,66.603235
0.116000,138.982267,138.088904,168.317147,7.640009,2.242993,20.567334,68506.184586,66.603235
0.117000,139.881954,138.982267,170.605523,7.752362,2.273440,20.567334,68506.184586,66.603235
0.118000,140.762035,139.881954,167.952895,7.640009,2.238045,20.567334,68506.184586,66.603235
0.119000,141.648542,140.762035,170.244069,7.752362,2.268530,20.567334,68506.184586,66.603235
0.120000,142.515917,141.648542,167.604424,7.640009,2.233311,20.567334,68506.184586,66.603235
0.121000,143.389807,142.515917,169.898052,7.752362,2.263829,20.567334,68506.184586,66.603235
0.122000,144.257542,143.389807,169.729285,7.752362,2.261537,20.567334,68506.184586,66.603235
0.123000,145.106806,144.257542,167.107748,7.640009,2.226564,20.567334,68506.184586,66.603235
0.124000,145.962699,145.106806,169.404502,7.752362,2.257125,20.567334,68506.184586,66.603235
0.125000,146.800528,145.962699,166.794162,7.640009,2.222304,20.567334,68506.184586,66.603235
0.126000,147.645050,146.800528,169.092668,7.752362,2.252889,20.567334,68506.184586,66.603235
0.127000,148.471894,147.645050,166.492913,7.640009,2.218212,20.567334,68506.184586,66.603235
0.128000,149.305486,148.471894,168.792945,7.752362,2.248817,20.567334,68506.184586,66.603235
0.129000,150.121766,149.305486,166.203215,7.640009,2.214276,20.567334,68506.184586,66.603235
0.130000,150.944842,150.121766,168.504567,7.752362,2.244899,20.567334,68506.184586,66.603235
0.131000,151.750953,150.944842,165.924346,7.640009,2.210488,20.567334,68506.184586,66.603235
0.132000,152.563902,151.750953,168.226838,7.752362,2.241126,20.567334,68506.184586,66.603235
0.133000,153.360215,152.563902,165.655649,7.640009,2.206837,20.567334,68506.184586,66.603235
0.134000,154.163401,153.360215,167.959117,7.752362,2.237488,20.567334,68506.184586,66.603235
0.135000,154.950264,154.163401,165.396520,7.640009,2.203317,20.567334,68506.184586,66.603235
0.136000,155.744031,154.950264,167.700818,7.752362,2.233979,20.567334,68506.184586,66.603235
0.137000,156.521774,155.744031,165.146405,7.640009,2.199918,20.567334,68506.184586,66.603235
0.138000,157.306445,156.521774,167.451400,7.752362,2.230590,20.567334,68506.184586,66.603235
0.139000,158.075377,157.306445,164.904792,7.640009,2.196636,20.567334,68506.184586,66.603235
0.140000,158.851258,158.075377,167.210366,7.752362,2.227315,20.567334,68506.184586,66.603235
0.141000,159.611672,158.851258,164.671210,7.640009,2.193462,20.567334,68506.184586,66.603235
0.142000,160.379053,159.611672,166.977257,7.752362,2.224148,20.567334,68506.184586,66.603235
0.143000,161.131226,160.379053,164.445225,7.640009,2.190391,20.567334,68506.184586,66.603235
0.144000,161.890379,161.131226,166.751647,7.752362,2.221083,20.567334,68506.184586,66.603235
0.145000,162.634573,161.890379,164.226433,7.640009,2.187419,20.567334,68506.184586,66.603235
0.146000,163.385758,162.634573,166.533143,7.752362,2.218114,20.567334,68506.184586,66.603235
0.147000,164.122222,163.385758,164.014461,7.640009,2.184538,20.567334,68506.184586,66.603235
0.148000,164.865685,164.122222,166.321379,7.752362,2.215236,20.567334,68506.184586,66.603235
0.149000,165.594654,164.865685,163.808961,7.640009,2.181746,20.567334,68506.184586,66.603235
0.150000,166.330628,165.594654,166.116017,7.752362,2.212446,20.567334,68506.184586,66.603235
0.151000,167.052328,166.330628,163.609611,7.640009,2.179037,20.567334,68506.184586,66.603235
0.152000,167.781034,167.052328,165.916740,7.752362,2.209738,20.567334,68506.184586,66.603235
0.153000,168.495677,167.781034,163.416110,7.640009,2.176408,20.567334,68506.184586,66.603235
0.154000,169.217327,168.495677,165.723252,7.752362,2.207109,20.567334,68506.184586,66.603235
0.155000,169.925117,169.217327,163.228177,7.640009,2.173854,20.567334,68506.184586,66.603235
0.156000,170.639912,169.925117,165.535280,7.752362,2.204555,20.567334,68506.184586,66.603235
0.157000,171.341041,170.639912,163.045551,7.640009,2.171373,20.567334,68506.184586,66.603235
0.158000,172.049173,171.341041,165.352566,7.752362,2.202072,20.567334,68506.184586,66.603235
0.159000,172.743827,172.049173,162.867986,7.640009,2.168960,20.567334,68506.184586,66.603235
0.160000,173.445478,172.743827,165.174869,7.752362,2.199657,20.567334,68506.184586,66.603235
0.161000,174.133832,173.445478,162.695253,7.640009,2.166612,20.567334,68506.184586,66.603235
0.162000,174.829178,174.133832,165.001964,7.752362,2.197307,20.567334,68506.184586,66.603235
0.163000,175.511401,174.829178,162.527136,7.640009,2.164328,20.567334,68506.184586,66.603235
0.164000,176.200609,175.511401,164.833640,7.752362,2.195020,20.567334,68506.184586,66.603235
0.165000,176.876862,176.200609,162.363434,7.640009,2.162103,20.567334,68506.184586,66.603235
0.166000,177.560090,176.876862,164.669697,7.752362,2.192792,20.567334,68506.184586,66.603235
0.167000,178.230527,177.560090,162.203956,7.640009,2.159936,20.567334,68506.184586,66.603235
0.168000,178.907929,178.230527,164.509949,7.752362,2.190621,20.567334,68506.184586,66.603235
0.169000,179.572698,178.907929,162.048525,7.640009,2.157824,20.567334,68506.184586,66.603235
0.170000,180.244421,179.572698,164.354219,7.752362,2.188505,20.567334,68506.184586,66.603235
0.171000,180.903662,180.244421,161.896971,7.640009,2.155764,20.567334,68506.184586,66.603235
0.172000,181.569846,180.903662,164.202343,7.752362,2.186441,20.567334,68506.184586,66.603235
0.173000,182.223696,181.569846,161.749136,7.640009,2.153755,20.567334,68506.184586,66.603235
0.174000,182.884476,182.223696,164.054164,7.752362,2.184427,20.567334,68506.184586,66.603235
0.175000,183.533064,182.884476,161.604871,7.640009,2.151794,20.567334,68506.184586,66.603235
0.176000,184.188570,183.533064,163.909534,7.752362,2.182462,20.567334,68506.184586,66.603235
0.177000,184.832022,184.188570,161.464034,7.640009,2.149880,20.567334,68506.184586,66.603235
0.178000,185.482377,184.832022,163.768313,7.752362,2.180542,20.567334,68506.184586,66.603235
0.179000,186.120813,185.482377,161.326491,7.640009,2.148011,20.567334,68506.184586,66.603235
0.180000,186.766137,186.120813,163.630371,7.752362,2.178668,20.567334,68506.184586,66.603235
0.181000,187.399672,186.766137,161.192116,7.640009,2.146185,20.567334,68506.184586,66.603235
0.182000,188.040080,187.399672,163.495581,7.752362,2.176836,20.567334,68506.184586,66.603235
0.183000,188.668826,188.040080,161.060790,7.640009,2.144400,20.567334,68506.184586,66.603235
0.184000,189.304429,188.668826,163.363827,7.752362,2.175045,20.567334,68506.184586,66.603235
0.185000,189.928492,189.304429,160.932398,7.640009,2.142655,20.567334,68506.184586,66.603235
0.186000,190.559396,189.928492,163.234994,7.752362,2.173294,20.567334,68506.184586,66.603235
0.187000,191.178880,190.559396,160.806833,7.640009,2.140949,20.567334,68506.184586,66.603235
0.188000,191.805188,191.178880,163.108978,7.752362,2.171581,20.567334,68506.184586,66.603235
0.189000,192.420192,191.805188,160.683993,7.640009,2.139279,20.567334,68506.184586,66.603235
0.190000,193.042003,192.420192,162.985677,7.752362,2.169906,20.567334,68506.184586,66.603235
0.191000,193.652623,193.042003,160.563781,7.640009,2.137645,20.567334,68506.184586,66.603235
0.192000,194.270033,193.652623,162.864994,7.752362,2.168265,20.567334,68506.184586,66.603235
0.193000,194.876360,194.270033,160.446104,7.640009,2.136046,20.567334,68506.184586,66.603235
0.194000,195.489461,194.876360,162.746839,7.752362,2.166660,20.567334,68506.184586,66.603235
0.195000,196.091586,195.489461,160.330874,7.640009,2.134480,20.567334,68506.184586,66.603235
0.196000,196.700466,196.091586,162.631124,7.752362,2.165087,20.567334,68506.184586,66.603235
0.197000,197.298475,196.700466,160.218008,7.640009,2.132946,20.567334,68506.184586,66.603235
0.198000,197.903221,197.298475,162.517767,7.752362,2.163546,20.567334,68506.184586,66.603235
0.199000,198.497196,197.903221,160.107426,7.640009,2.131443,20.567334,68506.184586,66.603235
0.200000,199.097891,198.497196,162.406689,7.752362,2.162036,20.567334,68506.184586,66.603235
0.201000,199.687914,199.097891,159.999052,7.640009,2.129970,20.567334,68506.184586,66.603235
0.202000,200.284638,199.687914,162.297813,7.752362,2.160556,20.567334,68506.184586,66.603235
0.203000,200.913810,200.284638,171.647581,8.201775,2.285007,20.567334,73469.387755,71.428571
0.204000,201.549374,200.913810,173.937846,8.314128,2.315478,20.567334,73469.387755,71.428571
0.205000,202.174174,201.549374,171.527714,8.201775,2.283378,20.567334,73469.387755,71.428571
0.206000,202.805352,202.174174,173.817597,8.314128,2.313844,20.567334,73469.387755,71.428571
0.207000,203.425871,202.805352,171.410311,8.201775,2.281782,20.567334,73469.387755,71.428571
0.208000,204.052753,203.425871,173.699804,8.314128,2.312243,20.567334,73469.387755,71.428571
0.209000,204.669076,204.052753,171.295290,8.201775,2.280219,20.567334,73469.387755,71.428571
0.210000,205.291748,204.669076,173.584383,8.314128,2.310674,20.567334,73469.387755,71.428571
0.211000,205.903960,205.291748,171.182571,8.201775,2.278686,20.567334,73469.387755,71.428571
0.212000,206.522506,205.903960,173.471258,8.314128,2.309136,20.567334,73469.387755,71.428571
0.213000,207.130689,206.522506,171.072079,8.201775,2.277185,20.567334,73469.387755,71.428571
0.214000,207.745190,207.130689,173.360353,8.314128,2.307629,20.567334,73469.387755,71.428571
0.215000,208.349421,207.745190,170.963740,8.201775,2.275712,20.567334,73469.387755,71.428571
0.216000,208.959955,208.349421,173.251595,8.314128,2.306151,20.567334,73469.387755,71.428571
0.217000,209.560311,208.959955,170.857486,8.201775,2.274268,20.567334,73469.387755,71.428571
0.218000,210.158770,209.560311,170.805475,8.201775,2.273561,20.567334,73469.387755,71.428571
0.219000,210.763509,210.158770,173.092694,8.314128,2.303991,20.567334,73469.387755,71.428571
0.220000,211.358201,210.763509,170.702219,8.201775,2.272157,20.567334,73469.387755,71.428571
0.221000,211.959158,211.358201,172.989007,8.314128,2.302581,20.567334,73469.387755,71.428571
0.222000,212.550155,211.959158,170.600889,8.201775,2.270780,20.567334,73469.387755,71.428571
0.223000,213.147401,212.550155,172.887242,8.314128,2.301198,20.567334,73469.387755,71.428571
0.224000,213.734770,213.147401,170.501425,8.201775,2.269428,20.567334,73469.387755,71.428571
0.225000,214.328372,213.734770,172.787339,8.314128,2.299840,20.567334,73469.387755,71.428571
0.226000,214.912179,214.328372,170.403770,8.201775,2.268100,20.567334,73469.387755,71.428571
0.227000,215.502203,214.912179,172.689243,8.314128,2.298506,20.567334,73469.387755,71.428571
0.228000,216.082512,215.502203,170.307871,8.201775,2.266797,20.567334,73469.387755,71.428571
0.229000,216.669022,216.082512,172.592901,8.314128,2.297197,20.567334,73469.387755,71.428571
0.230000,217.245896,216.669022,170.213676,8.201775,2.265516,20.567334,73469.387755,71.428571
0.231000,217.828954,217.245896,172.498259,8.314128,2.295910,20.567334,73469.387755,71.428571
0.232000,218.402453,217.828954,170.121134,8.201775,2.264258,20.567334,73469.387755,71.428571
0.233000,218.982120,218.402453,172.405269,8.314128,2.294646,20.567334,73469.387755,71.428571
0.234000,219.552302,218.982120,170.030198,8.201775,2.263022,20.567334,73469.387755,71.428571
0.235000,220.120858,219.552302,169.985622,8.201775,2.262416,20.567334,73469.387755,71.428571
0.236000,220.695557,220.120858,172.269084,8.314128,2.292795,20.567334,73469.387755,71.428571
0.237000,221.260881,220.695557,169.897004,8.201775,2.261212,20.567334,73469.387755,71.428571
0.238000,221.832332,221.260881,172.180016,8.314128,2.291584,20.567334,73469.387755,71.428571
0.239000,222.394478,221.832332,169.809881,8.201775,2.260027,20.567334,73469.387755,71.428571
0.240000,222.962734,222.394478,172.092441,8.314128,2.290394,20.567334,73469.387755,71.428571
0.241000,223.521756,222.962734,169.724211,8.201775,2.258863,20.567334,73469.387755,71.428571
0.242000,224.086871,223.521756,172.006318,8.314128,2.289223,20.567334,73469.387755,71.428571
0.243000,224.642819,224.086871,169.639954,8.201775,2.257717,20.567334,73469.387755,71.428571
0.244000,225.204845,224.642819,171.921608,8.314128,2.288072,20.567334,73469.387755,71.428571
0.245000,225.757770,225.204845,169.557071,8.201775,2.256591,20.567334,73469.387755,71.428571
0.246000,226.316756,225.757770,171.838273,8.314128,2.286939,20.567334,73469.387755,71.428571
0.247000,226.866707,226.316756,169.475527,8.201775,2.255482,20.567334,73469.387755,71.428571
0.248000,227.422702,226.866707,171.756276,8.314128,2.285824,20.567334,73469.387755,71.428571
0.249000,227.969727,227.422702,169.395284,8.201775,2.254391,20.567334,73469.387755,71.428571
0.250000,228.515315,227.969727,169.355909,8.201775,2.253856,20.567334,73469.387755,71.428571
0.251000,229.066922,228.515315,171.635981,8.314128,2.284189,20.567334,73469.387755,71.428571
0.252000,229.609653,229.066922,169.277551,8.201775,2.252791,20.567334,73469.387755,71.428571
0.253000,230.158386,229.609653,171.557172,8.314128,2.283117,20.567334,73469.387755,71.428571
0.254000,230.698302,230.158386,169.200413,8.201775,2.251742,20.567334,73469.387755,71.428571
0.255000,231.244205,230.698302,171.479583,8.314128,2.282063,20.567334,73469.387755,71.428571
0.256000,231.781352,231.244205,169.124462,8.201775,2.250710,20.567334,73469.387755,71.428571
0.257000,232.324468,231.781352,171.403181,8.314128,2.281024,20.567334,73469.387755,71.428571
0.258000,232.858886,232.324468,169.049668,8.201775,2.249693,20.567334,73469.387755,71.428571
0.259000,233.399258,232.858886,171.327939,8.314128,2.280001,20.567334,73469.387755,71.428571
0.260000,233.930990,233.399258,168.976002,8.201775,2.248691,20.567334,73469.387755,71.428571
0.261000,234.468658,233.930990,171.253825,8.314128,2.278994,20.567334,73469.387755,71.428571
0.262000,234.997743,234.468658,168.903437,8.201775,2.247705,20.567334,73469.387755,71.428571
0.263000,235.532749,234.997743,171.180813,8.314128,2.278001,20.567334,73469.387755,71.428571
0.264000,236.059225,235.532749,168.831945,8.201775,2.246733,20.567334,73469.387755,71.428571
0.265000,236.591607,236.059225,171.108875,8.314128,2.277023,20.567334,73469.387755,71.428571
0.266000,237.115515,236.591607,168.761500,8.201775,2.245775,20.567334,73469.387755,71.428571
0.267000,237.638160,237.115515,168.726898,8.201775,2.245305,20.567334,73469.387755,71.428571
0.268000,238.166686,237.638160,171.003164,8.314128,2.275586,20.567334,73469.387755,71.428571
0.269000,238.686817,238.166686,168.657972,8.201775,2.244368,20.567334,73469.387755,71.428571
0.270000,239.212813,238.686817,170.933797,8.314128,2.274643,20.567334,73469.387755,71.428571
0.271000,239.730466,239.212813,168.590032,8.201775,2.243444,20.567334,73469.387755,71.428571
0.272000,240.253968,239.730466,170.865417,8.314128,2.273713,20.567334,73469.387755,71.428571
0.273000,240.769178,240.253968,168.523054,8.201775,2.242534,20.567334,73469.387755,71.428571
0.274000,241.290221,240.769178,170.798000,8.314128,2.272797,20.567334,73469.387755,71.428571
0.275000,241.803022,241.290221,168.457015,8.201775,2.241636,20.567334,73469.387755,71.428571
0.276000,242.321640,241.803022,170.731525,8.314128,2.271893,20.567334,73469.387755,71.428571
0.277000,242.832066,242.321640,168.391895,8.201775,2.240751,20.567334,73469.387755,71.428571
0.278000,243.348293,242.832066,170.665969,8.314128,2.271002,20.567334,73469.387755,71.428571
0.279000,243.856377,243.348293,168.327671,8.201775,2.239877,20.567334,73469.387755,71.428571
0.280000,244.370245,243.856377,170.601312,8.314128,2.270123,20.567334,73469.387755,71.428571
0.281000,244.876018,244.370245,168.264323,8.201775,2.239016,20.567334,73469.387755,71.428571
0.282000,245.387561,244.876018,170.537533,8.314128,2.269256,20.567334,73469.387755,71.428571
0.283000,245.891054,245.387561,168.201832,8.201775,2.238167,20.567334,73469.387755,71.428571
0.284000,246.393427,245.891054,168.171111,8.201775,2.237749,20.567334,73469.387755,71.428571
0.285000,246.901546,246.393427,170.443679,8.314128,2.267980,20.567334,73469.387755,71.428571
0.286000,247.401685,246.901546,168.109866,8.201775,2.236916,20.567334,73469.387755,71.428571
0.287000,247.907555,247.401685,170.382009,8.314128,2.267141,20.567334,73469.387755,71.428571
0.288000,248.405489,247.907555,168.049431,8.201775,2.236095,20.567334,73469.387755,71.428571
0.289000,248.909139,248.405489,170.321150,8.314128,2.266314,20.567334,73469.387755,71.428571
0.290000,249.404898,248.909139,167.989789,8.201775,2.235284,20.567334,73469.387755,71.428571
0.291000,249.906357,249.404898,170.261085,8.314128,2.265497,20.567334,73469.387755,71.428571
0.292000,250.399969,249.906357,167.930921,8.201775,2.234483,20.567334,73469.387755,71.428571
0.293000,250.899265,250.399969,170.201797,8.314128,2.264691,20.567334,73469.387755,71.428571
0.294000,251.390757,250.899265,167.872812,8.201775,2.233693,20.567334,73469.387755,71.428571
0.295000,251.887919,251.390757,170.143271,8.314128,2.263895,20.567334,73469.387755,71.428571
0.296000,252.377319,251.887919,167.815445,8.201775,2.232914,20.567334,73469.387755,71.428571
0.297000,252.872372,252.377319,170.085488,8.314128,2.263110,20.567334,73469.387755,71.428571
0.298000,253.359707,252.872372,167.758805,8.201775,2.232143,20.567334,73469.387755,71.428571
0.299000,253.846024,253.359707,167.730943,8.201775,2.231765,20.567334,73469.387755,71.428571
0.300000,254.337973,253.846024,170.000368,8.314128,2.261953,20.567334,73469.387755,71.428571
0.301000,254.822264,254.337973,167.675362,8.201775,2.231009,20.567334,73469.387755,71.428571
0.302000,255.312170,254.822264,169.944377,8.314128,2.261191,20.567334,73469.387755,71.428571
0.303000,255.794458,255.312170,167.620470,8.201775,2.230263,20.567334,73469.387755,71.428571
0.304000,256.282348,255.794458,169.889077,8.314128,2.260439,20.567334,73469.387755,71.428571
0.305000,256.762658,256.282348,167.566254,8.201775,2.229526,20.567334,73469.387755,71.428571
0.306000,257.248555,256.762658,169.834455,8.314128,2.259697,20.567334,73469.387755,71.428571
0.307000,257.726913,257.248555,167.512699,8.201775,2.228797,20.567334,73469.387755,71.428571
0.308000,258.210842,257.726913,169.780497,8.314128,2.258963,20.567334,73469.387755,71.428571
0.309000,258.687269,258.210842,167.459793,8.201775,2.228078,20.567334,73469.387755,71.428571
0.310000,259.169253,258.687269,169.727190,8.314128,2.258238,20.567334,73469.387755,71.428571
0.311000,259.643774,259.169253,167.407522,8.201775,2.227367,20.567334,73469.387755,71.428571
0.312000,260.123837,259.643774,169.674520,8.314128,2.257522,20.567334,73469.387755,71.428571
0.313000,260.596474,260.123837,167.355873,8.201775,2.226665,20.567334,73469.387755,71.428571
0.314000,261.074639,260.596474,169.622474,8.314128,2.256815,20.567334,73469.387755,71.428571
0.315000,261.545414,261.074639,167.304835,8.201775,2.225971,20.567334,73469.387755,71.428571
0.316000,262.015273,261.545414,167.279713,8.201775,2.225630,20.567334,73469.387755,71.428571
0.317000,262.490638,262.015273,169.545725,8.314128,2.255771,20.567334,73469.387755,71.428571
0.318000,262.958668,262.490638,167.229566,8.201775,2.224948,20.567334,73469.387755,71.428571
0.319000,263.432190,262.958668,169.495187,8.314128,2.255084,20.567334,73469.387755,71.428571
0.320000,263.898412,263.432190,167.180000,8.201775,2.224274,20.567334,73469.387755,71.428571
0.321000,264.370111,263.898412,169.445233,8.314128,2.254405,20.567334,73469.387755,71.428571
0.322000,264.834546,264.370111,167.131005,8.201775,2.223608,20.567334,73469.387755,71.428571
0.323000,265.304444,264.834546,169.395851,8.314128,2.253734,20.567334,73469.387755,71.428571
0.324000,265.767112,265.304444,167.082568,8.201775,2.222949,20.567334,73469.387755,71.428571
0.325000,266.235230,265.767112,169.347030,8.314128,2.253070,20.567334,73469.387755,71.428571
0.326000,266.696151,266.235230,167.034681,8.201775,2.222298,20.567334,73469.387755,71.428571
0.327000,267.162508,266.696151,169.298761,8.314128,2.252413,20.567334,73469.387755,71.428571
0.328000,267.621702,267.162508,166.987332,8.201775,2.221654,20.567334,73469.387755,71.428571
0.329000,268.086318,267.621702,169.251032,8.314128,2.251765,20.567334,73469.387755,71.428571
0.330000,268.543804,268.086318,166.940511,8.201775,2.221018,20.567334,73469.387755,71.428571
0.331000,269.006698,268.543804,169.203834,8.314128,2.251123,20.567334,73469.387755,71.428571
0.332000,269.462495,269.006698,166.894208,8.201775,2.220388,20.567334,73469.387755,71.428571
0.333000,269.917461,269.462495,166.871405,8.201775,2.220078,20.567334,73469.387755,71.428571
0.334000,270.377814,269.917461,169.134167,8.314128,2.250176,20.567334,73469.387755,71.428571
0.335000,270.831118,270.377814,166.825861,8.201775,2.219459,20.567334,73469.387755,71.428571
0.336000,271.289796,270.831118,169.088252,8.314128,2.249551,20.567334,73469.387755,71.428571
0.337000,271.741457,271.289796,166.780812,8.201775,2.218847,20.567334,73469.387755,71.428571
0.338000,272.198479,271.741457,169.042834,8.314128,2.248934,20.567334,73469.387755,71.428571
0.339000,272.648514,272.198479,166.736250,8.201775,2.218241,20.567334,73469.387755,71.428571
0.340000,273.103897,272.648514,168.997905,8.314128,2.248323,20.567334,73469.387755,71.428571
0.341000,273.552324,273.103897,166.692166,8.201775,2.217641,20.567334,73469.387755,71.428571
0.342000,274.006086,273.552324,168.953455,8.314128,2.247718,20.567334,73469.387755,71.428571
0.343000,274.452922,274.006086,166.648551,8.201775,2.217048,20.567334,73469.387755,71.428571
0.344000,274.905080,274.452922,168.909478,8.314128,2.247121,20.567334,73469.387755,71.428571
0.345000,275.350342,274.905080,166.605397,8.201775,2.216461,20.567334,73469.387755,71.428571
0.346000,275.800912,275.350342,168.865963,8.314128,2.246529,20.567334,73469.387755,71.428571
0.347000,276.244617,275.800912,166.562696,8.201775,2.215881,20.567334,73469.387755,71.428571
0.348000,276.687554,276.244617,166.541657,8.201775,2.215595,20.567334,73469.387755,71.428571
0.349000,277.135779,276.687554,168.801687,8.314128,2.245655,20.567334,73469.387755,71.428571
0.350000,277.577183,277.135779,166.499619,8.201775,2.215023,20.567334,73469.387755,71.428571
0.351000,278.023862,277.577183,168.759294,8.314128,2.245079,20.567334,73469.387755,71.428571
0.352000,278.463748,278.023862,166.458015,8.201775,2.214457,20.567334,73469.387755,71.428571
0.353000,278.908897,278.463748,168.717337,8.314128,2.244508,20.567334,73469.387755,71.428571
0.354000,279.347281,278.908897,166.416837,8.201775,2.213898,20.567334,73469.387755,71.428571
0.355000,279.790915,279.347281,168.675808,8.314128,2.243943,20.567334,73469.387755,71.428571
0.356000,280.227812,279.790915,166.376078,8.201775,2.213343,20.567334,73469.387755,71.428571
0.357000,280.669947,280.227812,168.634700,8.314128,2.243384,20.567334,73469.387755,71.428571
0.358000,281.105373,280.669947,166.335731,8.201775,2.212795,20.567334,73469.387755,71.428571
0.359000,281.546023,281.105373,168.594007,8.314128,2.242831,20.567334,73469.387755,71.428571
0.360000,281.979991,281.546023,166.295789,8.201775,2.212252,20.567334,73469.387755,71.428571
0.361000,282.419172,281.979991,168.553720,8.314128,2.242283,20.567334,73469.387755,71.428571
0.362000,282.851698,282.419172,166.256245,8.201775,2.211714,20.567334,73469.387755,71.428571
0.363000,283.289424,282.851698,168.513834,8.314128,2.241741,20.567334,73469.387755,71.428571
0.364000,283.720522,283.289424,166.217093,8.201775,2.211182,20.567334,73469.387755,71.428571
0.365000,284.150916,283.720522,166.197794,8.201775,2.210919,20.567334,73469.387755,71.428571
0.366000,284.586491,284.150916,168.454875,8.314128,2.240939,20.567334,73469.387755,71.428571
0.367000,285.015478,284.586491,166.159216,8.201775,2.210395,20.567334,73469.387755,71.428571
0.368000,285.449633,285.015478,168.415960,8.314128,2.240410,20.567334,73469.387755,71.428571
0.369000,285.877226,285.449633,166.121015,8.201775,2.209875,20.567334,73469.387755,71.428571
0.370000,286.309976,285.877226,168.377424,8.314128,2.239886,20.567334,73469.387755,71.428571
0.371000,286.736190,286.309976,166.083183,8.201775,2.209361,20.567334,73469.387755,71.428571
0.372000,287.167547,286.736190,168.339259,8.314128,2.239367,20.567334,73469.387755,71.428571
0.373000,287.592394,287.167547,166.045715,8.201775,2.208851,20.567334,73469.387755,71.428571
0.374000,288.022373,287.592394,168.301460,8.314128,2.238853,20.567334,73469.387755,71.428571
0.375000,288.445866,288.022373,166.008606,8.201775,2.208347,20.567334,73469.387755,71.428571
0.376000,288.874479,288.445866,168.264022,8.314128,2.238344,20.567334,73469.387755,71.428571
0.377000,289.296631,288.874479,165.971849,8.201775,2.207847,20.567334,73469.387755,71.428571
0.378000,289.723892,289.296631,168.226938,8.314128,2.237840,20.567334,73469.387755,71.428571
0.379000,290.144716,289.723892,165.935439,8.201775,2.207352,20.567334,73469.387755,71.428571
0.380000,290.570636,290.144716,168.190203,8.314128,2.237340,20.567334,73469.387755,71.428571
0.381000,290.990145,290.570636,165.899370,8.201775,2.206861,20.567334,73469.387755,71.428571
0.382000,291.409004,290.990145,165.881584,8.201775,2.206620,20.567334,73469.387755,71.428571
0.383000,291.832943,291.409004,168.135865,8.314128,2.236602,20.567334,73469.387755,71.428571
0.384000,292.250505,291.832943,165.846017,8.201775,2.206136,20.567334,73469.387755,71.428571
0.385000,292.673134,292.250505,168.099978,8.314128,2.236114,20.567334,73469.387755,71.428571
0.386000,293.089411,292.673134,165.810778,8.201775,2.205657,20.567334,73469.387755,71.428571
0.387000,293.510743,293.089411,168.064421,8.314128,2.235630,20.567334,73469.387755,71.428571
0.388000,293.925746,293.510743,165.775863,8.201775,2.205182,20.567334,73469.387755,71.428571
0.389000,294.345794,293.925746,168.029190,8.314128,2.235151,20.567334,73469.387755,71.428571
0.390000,294.759535,294.345794,165.741266,8.201775,2.204712,20.567334,73469.387755,71.428571
0.391000,295.178308,294.759535,167.994279,8.314128,2.234676,20.567334,73469.387755,71.428571
0.392000,295.590799,295.178308,165.706983,8.201775,2.204245,20.567334,73469.387755,71.428571
0.393000,296.008311,295.590799,167.959683,8.314128,2.234206,20.567334,73469.387755,71.428571
0.394000,296.419562,296.008311,165.673009,8.201775,2.203784,20.567334,73469.387755,71.428571
0.395000,296.835823,296.419562,167.925399,8.314128,2.233740,20.567334,73469.387755,71.428571
0.396000,297.245846,296.835823,165.639339,8.201775,2.203326,20.567334,73469.387755,71.428571
0.397000,297.655264,297.245846,165.622731,8.201775,2.203100,20.567334,73469.387755,71.428571
0.398000,298.069674,297.655264,167.874659,8.314128,2.233050,20.567334,73469.387755,71.428571
0.399000,298.477879,298.069674,165.589509,8.201775,2.202648,20.567334,73469.387755,71.428571
0.400000,298.891067,298.477879,167.841131,8.314128,2.232594,20.567334,73469.387755,71.428571
0.401000,299.298071,298.891067,165.556580,8.201775,2.202200,20.567334,73469.387755,71.428571
0.402000,299.710046,299.298071,167.807898,8.314128,2.232142,20.567334,73469.387755,71.428571
0.403000,300.115860,299.710046,165.523940,8.201775,2.201757,20.567334,73469.387755,71.428571
0.404000,300.554366,300.115860,179.110507,8.875893,2.382476,20.567334,79034.028540,76.838639
0.405000,300.992188,300.554366,179.091736,8.875893,2.382221,20.567334,79034.028540,76.838639
0.406000,301.429328,300.992188,179.073054,8.875893,2.381967,20.567334,79034.028540,76.838639
0.407000,301.865790,301.429328,179.054458,8.875893,2.381714,20.567334,79034.028540,76.838639
0.408000,302.301577,301.865790,179.035948,8.875893,2.381462,20.567334,79034.028540,76.838639
0.409000,302.736692,302.301577,179.017525,8.875893,2.381212,20.567334,79034.028540,76.838639
0.410000,303.176632,302.736692,181.264881,8.988246,2.411100,20.567334,79034.028540,76.838639
0.411000,303.610404,303.176632,178.980701,8.875893,2.380711,20.567334,79034.028540,76.838639
0.412000,304.043513,303.610404,178.962531,8.875893,2.380464,20.567334,79034.028540,76.838639
0.413000,304.475962,304.043513,178.944444,8.875893,2.380218,20.567334,79034.028540,76.838639
0.414000,304.907754,304.475962,178.926440,8.875893,2.379973,20.567334,79034.028540,76.838639
0.415000,305.338892,304.907754,178.908518,8.875893,2.379729,20.567334,79034.028540,76.838639
0.416000,305.769380,305.338892,178.890676,8.875893,2.379487,20.567334,79034.028540,76.838639
0.417000,306.199219,305.769380,178.872916,8.875893,2.379245,20.567334,79034.028540,76.838639
0.418000,306.628414,306.199219,178.855235,8.875893,2.379005,20.567334,79034.028540,76.838639
0.419000,307.056967,306.628414,178.837633,8.875893,2.378766,20.567334,79034.028540,76.838639
0.420000,307.484880,307.056967,178.820111,8.875893,2.378527,20.567334,79034.028540,76.838639
0.421000,307.912158,307.484880,178.802666,8.875893,2.378290,20.567334,79034.028540,76.838639
0.422000,308.338801,307.912158,178.785299,8.875893,2.378054,20.567334,79034.028540,76.838639
0.423000,308.764814,308.338801,178.768009,8.875893,2.377819,20.567334,79034.028540,76.838639
0.424000,309.190199,308.764814,178.750796,8.875893,2.377585,20.567334,79034.028540,76.838639
0.425000,309.614959,309.190199,178.733659,8.875893,2.377352,20.567334,79034.028540,76.838639
0.426000,310.039097,309.614959,178.716596,8.875893,2.377120,20.567334,79034.028540,76.838639
0.427000,310.462614,310.039097,178.699609,8.875893,2.376889,20.567334,79034.028540,76.838639
0.428000,310.885515,310.462614,178.682696,8.875893,2.376659,20.567334,79034.028540,76.838639
0.429000,311.307802,310.885515,178.665857,8.875893,2.376430,20.567334,79034.028540,76.838639
0.430000,311.729477,311.307802,178.649090,8.875893,2.376202,20.567334,79034.028540,76.838639
0.431000,312.150543,311.729477,178.632397,8.875893,2.375975,20.567334,79034.028540,76.838639
0.432000,312.571003,312.150543,178.615775,8.875893,2.375749,20.567334,79034.028540,76.838639
0.433000,312.990859,312.571003,178.599225,8.875893,2.375524,20.567334,79034.028540,76.838639
0.434000,313.410114,312.990859,178.582747,8.875893,2.375300,20.567334,79034.028540,76.838639
0.435000,313.828770,313.410114,178.566338,8.875893,2.375076,20.567334,79034.028540,76.838639
0.436000,314.246830,313.828770,178.550000,8.875893,2.374854,20.567334,79034.028540,76.838639
0.437000,314.664297,314.246830,178.533732,8.875893,2.374633,20.567334,79034.028540,76.838639
0.438000,315.081173,314.664297,178.517532,8.875893,2.374413,20.567334,79034.028540,76.838639
0.439000,315.502727,315.081173,180.760810,8.988246,2.404245,20.567334,79034.028540,76.838639
0.440000,315.918421,315.502727,178.485136,8.875893,2.373972,20.567334,79034.028540,76.838639
0.441000,316.333532,315.918421,178.469142,8.875893,2.373755,20.567334,79034.028540,76.838639
0.442000,316.748062,316.333532,178.453215,8.875893,2.373538,20.567334,79034.028540,76.838639
0.443000,317.162013,316.748062,178.437354,8.875893,2.373322,20.567334,79034.028540,76.838639
0.444000,317.575388,317.162013,178.421560,8.875893,2.373108,20.567334,79034.028540,76.838639
0.445000,317.988189,317.575388,178.405832,8.875893,2.372894,20.567334,79034.028540,76.838639
0.446000,318.400419,317.988189,178.390169,8.875893,2.372681,20.567334,79034.028540,76.838639
0.447000,318.812080,318.400419,178.374571,8.875893,2.372469,20.567334,79034.028540,76.838639
0.448000,319.223175,318.812080,178.359037,8.875893,2.372257,20.567334,79034.028540,76.838639
0.449000,319.633705,319.223175,178.343567,8.875893,2.372047,20.567334,79034.028540,76.838639
0.450000,320.043673,319.633705,178.328161,8.875893,2.371838,20.567334,79034.028540,76.838639
0.451000,320.453081,320.043673,178.312818,8.875893,2.371629,20.567334,79034.028540,76.838639
0.452000,320.861932,320.453081,178.297537,8.875893,2.371421,20.567334,79034.028540,76.838639
0.453000,321.270228,320.861932,178.282319,8.875893,2.371214,20.567334,79034.028540,76.838639
0.454000,321.677971,321.270228,178.267163,8.875893,2.371008,20.567334,79034.028540,76.838639
0.455000,322.085163,321.677971,178.252068,8.875893,2.370803,20.567334,79034.028540,76.838639
0.456000,322.491807,322.085163,178.237034,8.875893,2.370598,20.567334,79034.028540,76.838639
0.457000,322.897905,322.491807,178.222060,8.875893,2.370395,20.567334,79034.028540,76.838639
0.458000,323.303458,322.897905,178.207147,8.875893,2.370192,20.567334,79034.028540,76.838639
0.459000,323.708470,323.303458,178.192294,8.875893,2.369990,20.567334,79034.028540,76.838639
0.460000,324.112942,323.708470,178.177500,8.875893,2.369789,20.567334,79034.028540,76.838639
0.461000,324.516877,324.112942,178.162765,8.875893,2.369588,20.567334,79034.028540,76.838639
0.462000,324.920276,324.516877,178.148088,8.875893,2.369389,20.567334,79034.028540,76.838639
0.463000,325.323142,324.920276,178.133470,8.875893,2.369190,20.567334,79034.028540,76.838639
0.464000,325.725477,325.323142,178.118909,8.875893,2.368992,20.567334,79034.028540,76.838639
0.465000,326.127283,325.725477,178.104406,8.875893,2.368795,20.567334,79034.028540,76.838639
0.466000,326.528562,326.127283,178.089960,8.875893,2.368598,20.567334,79034.028540,76.838639
0.467000,326.929316,326.528562,178.075571,8.875893,2.368403,20.567334,79034.028540,76.838639
0.468000,327.334610,326.929316,180.315086,8.988246,2.398184,20.567334,79034.028540,76.838639
0.469000,327.734314,327.334610,178.046781,8.875893,2.368011,20.567334,79034.028540,76.838639
0.470000,328.133499,327.734314,178.032560,8.875893,2.367818,20.567334,79034.028540,76.838639
0.471000,328.532167,328.133499,178.018395,8.875893,2.367625,20.567334,79034.028540,76.838639
0.472000,328.930321,328.532167,178.004284,8.875893,2.367433,20.567334,79034.028540,76.838639
0.473000,329.327961,328.930321,177.990228,8.875893,2.367242,20.567334,79034.028540,76.838639
0.474000,329.725091,329.327961,177.976226,8.875893,2.367052,20.567334,79034.028540,76.838639
0.475000,330.121713,329.725091,177.962278,8.875893,2.366862,20.567334,79034.028540,76.838639
0.476000,330.517827,330.121713,177.948384,8.875893,2.366673,20.567334,79034.028540,76.838639
0.477000,330.913436,330.517827,177.934542,8.875893,2.366485,20.567334,79034.028540,76.838639
0.478000,331.308543,330.913436,177.920754,8.875893,2.366297,20.567334,79034.028540,76.838639
0.479000,331.703148,331.308543,177.907018,8.875893,2.366111,20.567334,79034.028540,76.838639
0.480000,332.097254,331.703148,177.893334,8.875893,2.365925,20.567334,79034.028540,76.838639
0.481000,332.490863,332.097254,177.879701,8.875893,2.365739,20.567334,79034.028540,76.838639
0.482000,332.883977,332.490863,177.866121,8.875893,2.365554,20.567334,79034.028540,76.838639
0.483000,333.276597,332.883977,177.852591,8.875893,2.365370,20.567334,79034.028540,76.838639
0.484000,333.668725,333.276597,177.839112,8.875893,2.365187,20.567334,79034.028540,76.838639
0.485000,334.060363,333.668725,177.825684,8.875893,2.365005,20.567334,79034.028540,76.838639
0.486000,334.451514,334.060363,177.812306,8.875893,2.364823,20.567334,79034.028540,76.838639
0.487000,334.842178,334.451514,177.798978,8.875893,2.364641,20.567334,79034.028540,76.838639
0.488000,335.232358,334.842178,177.785699,8.875893,2.364461,20.567334,79034.028540,76.838639
0.489000,335.622055,335.232358,177.772470,8.875893,2.364281,20.567334,79034.028540,76.838639
0.490000,336.011271,335.622055,177.759290,8.875893,2.364102,20.567334,79034.028540,76.838639
0.491000,336.400009,336.011271,177.746158,8.875893,2.363923,20.567334,79034.028540,76.838639
0.492000,336.788269,336.400009,177.733075,8.875893,2.363745,20.567334,79034.028540,76.838639
0.493000,337.176054,336.788269,177.720040,8.875893,2.363568,20.567334,79034.028540,76.838639
0.494000,337.563364,337.176054,177.707052,8.875893,2.363391,20.567334,79034.028540,76.838639
0.495000,337.950203,337.563364,177.694112,8.875893,2.363215,20.567334,79034.028540,76.838639
0.496000,338.336572,337.950203,177.681220,8.875893,2.363040,20.567334,79034.028540,76.838639
0.497000,338.722472,338.336572,177.668374,8.875893,2.362865,20.567334,79034.028540,76.838639
0.498000,339.112781,338.722472,179.904298,8.988246,2.392598,20.567334,79034.028540,76.838639
0.499000,339.497742,339.112781,177.642661,8.875893,2.362516,20.567334,79034.028540,76.838639
0.500000,339.882241,339.497742,177.629955,8.875893,2.362343,20.567334,79034.028540,76.838639
0.501000,340.266277,339.882241,177.617294,8.875893,2.362171,20.567334,79034.028540,76.838639
0.502000,340.649854,340.266277,177.604679,8.875893,2.361999,20.567334,79034.028540,76.838639
0.503000,341.032972,340.649854,177.592110,8.875893,2.361828,20.567334,79034.028540,76.838639
0.504000,341.415633,341.032972,177.579585,8.875893,2.361658,20.567334,79034.028540,76.838639
0.505000,341.797838,341.415633,177.567105,8.875893,2.361488,20.567334,79034.028540,76.838639
0.506000,342.179590,341.797838,177.554670,8.875893,2.361319,20.567334,79034.028540,76.838639
0.507000,342.560890,342.179590,177.542278,8.875893,2.361150,20.567334,79034.028540,76.838639
0.508000,342.941740,342.560890,177.529931,8.875893,2.360983,20.567334,79034.028540,76.838639
0.509000,343.322141,342.941740,177.517627,8.875893,2.360815,20.567334,79034.028540,76.838639
0.510000,343.702094,343.322141,177.505367,8.875893,2.360649,20.567334,79034.028540,76.838639
0.511000,344.081602,343.702094,177.493149,8.875893,2.360482,20.567334,79034.028540,76.838639
0.512000,344.460666,344.081602,177.480975,8.875893,2.360317,20.567334,79034.028540,76.838639
0.513000,344.839287,344.460666,177.468843,8.875893,2.360152,20.567334,79034.028540,76.838639
0.514000,345.217468,344.839287,177.456754,8.875893,2.359987,20.567334,79034.028540,76.838639
0.515000,345.595208,345.217468,177.444707,8.875893,2.359824,20.567334,79034.028540,76.838639
0.516000,345.972511,345.595208,177.432702,8.875893,2.359660,20.567334,79034.028540,76.838639
0.517000,346.349378,345.972511,177.420738,8.875893,2.359498,20.567334,79034.028540,76.838639
0.518000,346.725809,346.349378,177.408816,8.875893,2.359336,20.567334,79034.028540,76.838639
0.519000,347.101807,346.725809,177.396935,8.875893,2.359174,20.567334,79034.028540,76.838639
0.520000,347.477373,347.101807,177.385095,8.875893,2.359013,20.567334,79034.028540,76.838639
0.521000,347.852509,347.477373,177.373296,8.875893,2.358852,20.567334,79034.028540,76.838639
0.522000,348.227216,347.852509,177.361537,8.875893,2.358693,20.567334,79034.028540,76.838639
0.523000,348.601495,348.227216,177.349819,8.875893,2.358533,20.567334,79034.028540,76.838639
0.524000,348.975348,348.601495,177.338140,8.875893,2.358374,20.567334,79034.028540,76.838639
0.525000,349.348777,348.975348,177.326501,8.875893,2.358216,20.567334,79034.028540,76.838639
0.526000,349.721783,349.348777,177.314902,8.875893,2.358058,20.567334,79034.028540,76.838639
0.527000,350.099080,349.721783,179.547614,8.988246,2.387747,20.567334,79034.028540,76.838639
0.528000,350.471238,350.099080,177.291676,8.875893,2.357742,20.567334,79034.028540,76.838639
0.529000,350.842978,350.471238,177.280195,8.875893,2.357586,20.567334,79034.028540,76.838639
0.530000,351.214300,350.842978,177.268752,8.875893,2.357431,20.567334,79034.028540,76.838639
0.531000,351.585206,351.214300,177.257348,8.875893,2.357276,20.567334,79034.028540,76.838639
0.532000,351.955697,351.585206,177.245982,8.875893,2.357121,20.567334,79034.028540,76.838639
0.533000,352.325775,351.955697,177.234654,8.875893,2.356967,20.567334,79034.028540,76.838639
0.534000,352.695442,352.325775,177.223364,8.875893,2.356813,20.567334,79034.028540,76.838639
0.535000,353.064698,352.695442,177.212111,8.875893,2.356660,20.567334,79034.028540,76.838639
0.536000,353.433544,353.064698,177.200896,8.875893,2.356508,20.567334,79034.028540,76.838639
0.537000,353.801983,353.433544,177.189718,8.875893,2.356356,20.567334,79034.028540,76.838639
0.538000,354.170016,353.801983,177.178578,8.875893,2.356204,20.567334,79034.028540,76.838639
0.539000,354.537643,354.170016,177.167473,8.875893,2.356053,20.567334,79034.028540,76.838639
0.540000,354.904867,354.537643,177.156406,8.875893,2.355903,20.567334,79034.028540,76.838639
0.541000,355.271688,354.904867,177.145375,8.875893,2.355753,20.567334,79034.028540,76.838639
0.542000,355.638108,355.271688,177.134380,8.875893,2.355603,20.567334,79034.028540,76.838639
0.543000,356.004129,355.638108,177.123421,8.875893,2.355454,20.567334,79034.028540,76.838639
0.544000,356.369751,356.004129,177.112498,8.875893,2.355306,20.567334,79034.028540,76.838639
0.545000,356.734976,356.369751,177.101610,8.875893,2.355158,20.567334,79034.028540,76.838639
0.546000,357.099805,356.734976,177.090758,8.875893,2.355010,20.567334,79034.028540,76.838639
0.547000,357.464239,357.099805,177.079941,8.875893,2.354863,20.567334,79034.028540,76.838639
0.548000,357.828280,357.464239,177.069159,8.875893,2.354716,20.567334,79034.028540,76.838639
0.549000,358.191929,357.828280,177.058412,8.875893,2.354570,20.567334,79034.028540,76.838639
0.550000,358.555187,358.191929,177.047700,8.875893,2.354424,20.567334,79034.028540,76.838639
0.551000,358.918056,358.555187,177.037022,8.875893,2.354279,20.567334,79034.028540,76.838639
0.552000,359.280536,358.918056,177.026378,8.875893,2.354135,20.567334,79034.028540,76.838639
0.553000,359.642630,359.280536,177.015769,8.875893,2.353990,20.567334,79034.028540,76.838639
0.554000,360.004337,359.642630,177.005193,8.875893,2.353846,20.567334,79034.028540,76.838639
0.555000,360.365660,360.004337,176.994651,8.875893,2.353703,20.567334,79034.028540,76.838639
0.556000,360.731166,360.365660,179.224381,8.988246,2.383351,20.567334,79034.028540,76.838639
0.557000,361.091719,360.731166,176.973536,8.875893,2.353416,20.567334,79034.028540,76.838639
0.558000,361.451891,361.091719,176.963094,8.875893,2.353274,20.567334,79034.028540,76.838639
0.559000,361.811683,361.451891,176.952686,8.875893,2.353132,20.567334,79034.028540,76.838639
0.560000,362.171097,361.811683,176.942310,8.875893,2.352991,20.567334,79034.028540,76.838639
0.561000,362.530133,362.171097,176.931968,8.875893,2.352851,20.567334,79034.028540,76.838639
0.562000,362.888793,362.530133,176.921657,8.875893,2.352710,20.567334,79034.028540,76.838639
0.563000,363.247078,362.888793,176.911379,8.875893,2.352571,20.567334,79034.028540,76.838639
0.564000,363.604990,363.247078,176.901134,8.875893,2.352431,20.567334,79034.028540,76.838639
0.565000,363.962529,363.604990,176.890920,8.875893,2.352292,20.567334,79034.028540,76.838639
0.566000,364.319696,363.962529,176.880738,8.875893,2.352154,20.567334,79034.028540,76.838639
0.567000,364.676494,364.319696,176.870588,8.875893,2.352016,20.567334,79034.028540,76.838639
0.568000,365.032922,364.676494,176.860469,8.875893,2.351878,20.567334,79034.028540,76.838639
0.569000,365.388982,365.032922,176.850381,8.875893,2.351741,20.567334,79034.028540,76.838639
0.570000,365.744675,365.388982,176.840325,8.875893,2.351604,20.567334,79034.028540,76.838639
0.571000,366.100003,365.744675,176.830300,8.875893,2.351468,20.567334,79034.028540,76.838639
0.572000,366.454965,366.100003,176.820306,8.875893,2.351332,20.567334,79034.028540,76.838639
0.573000,366.809565,366.454965,176.810342,8.875893,2.351196,20.567334,79034.028540,76.838639
0.574000,367.163802,366.809565,176.800409,8.875893,2.351061,20.567334,79034.028540,76.838639
0.575000,367.517678,367.163802,176.790506,8.875893,2.350927,20.567334,79034.028540,76.838639
0.576000,367.871194,367.517678,176.780634,8.875893,2.350792,20.567334,79034.028540,76.838639
0.577000,368.224350,367.871194,176.770791,8.875893,2.350659,20.567334,79034.028540,76.838639
0.578000,368.577149,368.224350,176.760979,8.875893,2.350525,20.567334,79034.028540,76.838639
0.579000,368.929591,368.577149,176.751196,8.875893,2.350392,20.567334,79034.028540,76.838639
0.580000,369.281677,368.929591,176.741443,8.875893,2.350259,20.567334,79034.028540,76.838639
0.581000,369.633408,369.281677,176.731719,8.875893,2.350127,20.567334,79034.028540,76.838639
0.582000,369.984786,369.633408,176.722025,8.875893,2.349995,20.567334,79034.028540,76.838639
0.583000,370.335811,369.984786,176.712360,8.875893,2.349864,20.567334,79034.028540,76.838639
0.584000,370.686485,370.335811,176.702724,8.875893,2.349733,20.567334,79034.028540,76.838639
0.585000,371.036808,370.686485,176.693117,8.875893,2.349602,20.567334,79034.028540,76.838639
0.586000,371.391209,371.036808,178.919978,8.988246,2.379211,20.567334,79034.028540,76.838639
0.587000,371.740830,371.391209,176.673868,8.875893,2.349340,20.567334,79034.028540,76.838639
0.588000,372.090104,371.740830,176.664347,8.875893,2.349211,20.567334,79034.028540,76.838639
0.589000,372.439031,372.090104,176.654854,8.875893,2.349082,20.567334,79034.028540,76.838639
0.590000,372.787613,372.439031,176.645390,8.875893,2.348953,20.567334,79034.028540,76.838639
0.591000,373.135851,372.787613,176.635954,8.875893,2.348825,20.567334,79034.028540,76.838639
0.592000,373.483745,373.135851,176.626545,8.875893,2.348697,20.567334,79034.028540,76.838639
0.593000,373.831298,373.483745,176.617164,8.875893,2.348569,20.567334,79034.028540,76.838639
0.594000,374.178509,373.831298,176.607811,8.875893,2.348442,20.567334,79034.028540,76.838639
0.595000,374.525380,374.178509,176.598486,8.875893,2.348315,20.567334,79034.028540,76.838639
0.596000,374.871912,374.525380,176.589187,8.875893,2.348189,20.567334,79034.028540,76.838639
0.597000,375.218105,374.871912,176.579916,8.875893,2.348063,20.567334,79034.028540,76.838639
0.598000,375.563962,375.218105,176.570672,8.875893,2.347937,20.567334,79034.028540,76.838639
0.599000,375.909482,375.563962,176.561455,8.875893,2.347812,20.567334,79034.028540,76.838639
0.600000,376.254667,375.909482,176.552265,8.875893,2.347687,20.567334,79034.028540,76.838639
0.601000,376.599517,376.254667,176.543102,8.875893,2.347562,20.567334,79034.028540,76.838639
0.602000,376.944035,376.599517,176.533965,8.875893,2.347438,20.567334,79034.028540,76.838639
0.603000,377.288220,376.944035,176.524855,8.875893,2.347314,20.567334,79034.028540,76.838639
0.604000,377.632073,377.288220,176.515770,8.875893,2.347190,20.567334,79034.028540,76.838639
0.605000,377.975596,377.632073,176.506713,8.875893,2.347067,20.567334,79034.028540,76.838639
0.606000,378.318790,377.975596,176.497681,8.875893,2.346944,20.567334,79034.028540,76.838639
0.607000,378.661655,378.318790,176.488675,8.875893,2.346822,20.567334,79034.028540,76.838639
0.608000,379.004192,378.661655,176.479695,8.875893,2.346700,20.567334,79034.028540,76.838639
0.609000,379.346403,379.004192,176.470740,8.875893,2.346578,20.567334,79034.028540,76.838639
0.610000,379.688288,379.346403,176.461811,8.875893,2.346456,20.567334,79034.028540,76.838639
0.611000,380.029849,379.688288,176.452908,8.875893,2.346335,20.567334,79034.028540,76.838639
0.612000,380.371085,380.029849,176.444030,8.875893,2.346215,20.567334,79034.028540,76.838639
0.613000,380.711999,380.371085,176.435177,8.875893,2.346094,20.567334,79034.028540,76.838639
0.614000,381.052590,380.711999,176.426349,8.875893,2.345974,20.567334,79034.028540,76.838639
0.615000,381.397166,381.052590,178.650624,8.988246,2.375548,20.567334,79034.028540,76.838639
0.616000,381.737112,381.397166,176.408658,8.875893,2.345734,20.567334,79034.028540,76.838639
0.617000,382.076738,381.737112,176.399905,8.875893,2.345615,20.567334,79034.028540,76.838639
0.618000,382.416047,382.076738,176.391177,8.875893,2.345496,20.567334,79034.028540,76.838639
0.619000,382.755038,382.416047,176.382473,8.875893,2.345377,20.567334,79034.028540,76.838639
0.620000,383.093712,382.755038,176.373794,8.875893,2.345259,20.567334,79034.028540,76.838639
0.621000,383.432070,383.093712,176.365138,8.875893,2.345142,20.567334,79034.028540,76.838639
0.622000,383.770114,383.432070,176.356508,8.875893,2.345024,20.567334,79034.028540,76.838639
0.623000,384.107844,383.770114,176.347901,8.875893,2.344907,20.567334,79034.028540,76.838639
0.624000,384.445260,384.107844,176.339318,8.875893,2.344791,20.567334,79034.028540,76.838639
0.625000,384.782364,384.445260,176.330759,8.875893,2.344674,20.567334,79034.028540,76.838639
0.626000,385.119157,384.782364,176.322223,8.875893,2.344558,20.567334,79034.028540,76.838639
0.627000,385.455640,385.119157,176.313711,8.875893,2.344442,20.567334,79034.028540,76.838639
0.628000,385.791813,385.455640,176.305223,8.875893,2.344327,20.567334,79034.028540,76.838639
0.629000,386.127676,385.791813,176.296758,8.875893,2.344212,20.567334,79034.028540,76.838639
0.630000,386.463232,386.127676,176.288317,8.875893,2.344097,20.567334,79034.028540,76.838639
0.631000,386.798481,386.463232,176.279898,8.875893,2.343982,20.567334,79034.028540,76.838639
0.632000,387.133424,386.798481,176.271503,8.875893,2.343868,20.567334,79034.028540,76.838639
0.633000,387.468061,387.133424,176.263131,8.875893,2.343754,20.567334,79034.028540,76.838639
0.634000,387.802394,387.468061,176.254781,8.875893,2.343641,20.567334,79034.028540,76.838639
0.635000,388.136423,387.802394,176.246454,8.875893,2.343528,20.567334,79034.028540,76.838639
0.636000,388.470149,388.136423,176.238150,8.875893,2.343415,20.567334,79034.028540,76.838639
0.637000,388.803573,388.470149,176.229869,8.875893,2.343302,20.567334,79034.028540,76.838639
0.638000,389.136695,388.803573,176.221610,8.875893,2.343190,20.567334,79034.028540,76.838639
0.639000,389.469517,389.136695,176.213373,8.875893,2.343078,20.567334,79034.028540,76.838639
0.640000,389.802039,389.469517,176.205158,8.875893,2.342966,20.567334,79034.028540,76.838639
0.641000,390.134263,389.802039,176.196966,8.875893,2.342854,20.567334,79034.028540,76.838639
0.642000,390.466188,390.134263,176.188796,8.875893,2.342743,20.567334,79034.028540,76.838639
0.643000,390.797817,390.466188,176.180648,8.875893,2.342633,20.567334,79034.028540,76.838639
0.644000,391.129148,390.797817,176.172521,8.875893,2.342522,20.567334,79034.028540,76.838639
0.645000,391.464373,391.129148,178.394294,8.988246,2.372062,20.567334,79034.028540,76.838639
0.646000,391.795110,391.464373,176.156231,8.875893,2.342300,20.567334,79034.028540,76.838639
0.647000,392.125554,391.795110,176.148170,8.875893,2.342191,20.567334,79034.028540,76.838639
0.648000,392.455704,392.125554,176.140130,8.875893,2.342081,20.567334,79034.028540,76.838639
0.649000,392.785562,392.455704,176.132112,8.875893,2.341972,20.567334,79034.028540,76.838639
0.650000,393.115127,392.785562,176.124115,8.875893,2.341864,20.567334,79034.028540,76.838639
0.651000,393.444402,393.115127,176.116139,8.875893,2.341755,20.567334,79034.028540,76.838639
0.652000,393.773387,393.444402,176.108184,8.875893,2.341647,20.567334,79034.028540,76.838639
0.653000,394.102082,393.773387,176.100250,8.875893,2.341539,20.567334,79034.028540,76.838639
0.654000,394.430489,394.102082,176.092337,8.875893,2.341431,20.567334,79034.028540,76.838639
0.655000,394.758608,394.430489,176.084445,8.875893,2.341324,20.567334,79034.028540,76.838639
0.656000,395.086439,394.758608,176.076574,8.875893,2.341217,20.567334,79034.028540,76.838639
0.657000,395.413984,395.086439,176.068723,8.875893,2.341110,20.567334,79034.028540,76.838639
0.658000,395.741244,395.413984,176.060893,8.875893,2.341004,20.567334,79034.028540,76.838639
0.659000,396.068219,395.741244,176.053083,8.875893,2.340898,20.567334,79034.028540,76.838639
0.660000,396.394909,396.068219,176.045293,8.875893,2.340792,20.567334,79034.028540,76.838639
0.661000,396.721316,396.394909,176.037524,8.875893,2.340686,20.567334,79034.028540,76.838639
0.662000,397.047440,396.721316,176.029775,8.875893,2.340581,20.567334,79034.028540,76.838639
0.663000,397.373283,397.047440,176.022046,8.875893,2.340475,20.567334,79034.028540,76.838639
0.664000,397.698844,397.373283,176.014338,8.875893,2.340371,20.567334,79034.028540,76.838639
0.665000,398.024125,397.698844,176.006649,8.875893,2.340266,20.567334,79034.028540,76.838639
0.666000,398.349126,398.024125,175.998980,8.875893,2.340162,20.567334,79034.028540,76.838639
0.667000,398.673847,398.349126,175.991330,8.875893,2.340058,20.567334,79034.028540,76.838639
0.668000,398.998291,398.673847,175.983701,8.875893,2.339954,20.567334,79034.028540,76.838639
0.669000,399.322457,398.998291,175.976091,8.875893,2.339850,20.567334,79034.028540,76.838639
0.670000,399.646346,399.322457,175.968500,8.875893,2.339747,20.567334,79034.028540,76.838639
0.671000,399.969959,399.646346,175.960929,8.875893,2.339644,20.567334,79034.028540,76.838639
0.672000,400.293296,399.969959,175.953377,8.875893,2.339542,20.567334,79034.028540,76.838639
0.673000,400.632709,400.293296,184.854295,9.325305,2.457889,20.567334,82191.780822,79.908676
0.674000,400.967735,400.632709,182.618992,9.212952,2.428165,20.567334,82191.780822,79.908676
0.675000,401.302467,400.967735,182.610919,9.212952,2.428055,20.567334,82191.780822,79.908676
0.676000,401.636905,401.302467,182.602868,9.212952,2.427946,20.567334,82191.780822,79.908676
0.677000,401.971051,401.636905,182.594838,9.212952,2.427837,20.567334,82191.780822,79.908676
0.678000,402.308973,401.971051,184.813448,9.325305,2.457333,20.567334,82191.780822,79.908676
0.679000,402.642532,402.308973,182.578744,9.212952,2.427618,20.567334,82191.780822,79.908676
0.680000,402.975799,402.642532,182.570777,9.212952,2.427509,20.567334,82191.780822,79.908676
0.681000,403.308777,402.975799,182.562831,9.212952,2.427401,20.567334,82191.780822,79.908676
0.682000,403.641465,403.308777,182.554905,9.212952,2.427293,20.567334,82191.780822,79.908676
0.683000,403.977917,403.641465,184.773135,9.325305,2.456785,20.567334,82191.780822,79.908676
0.684000,404.310026,403.977917,182.539020,9.212952,2.427077,20.567334,82191.780822,79.908676
0.685000,404.641849,404.310026,182.531157,9.212952,2.426970,20.567334,82191.780822,79.908676
0.686000,404.973385,404.641849,182.523314,9.212952,2.426864,20.567334,82191.780822,79.908676
0.687000,405.304635,404.973385,182.515491,9.212952,2.426757,20.567334,82191.780822,79.908676
0.688000,405.639636,405.304635,184.733343,9.325305,2.456244,20.567334,82191.780822,79.908676
0.689000,405.970314,405.639636,182.499810,9.212952,2.426544,20.567334,82191.780822,79.908676
0.690000,406.300710,405.970314,182.492048,9.212952,2.426439,20.567334,82191.780822,79.908676
0.691000,406.630823,406.300710,182.484305,9.212952,2.426333,20.567334,82191.780822,79.908676
0.692000,406.960654,406.630823,182.476583,9.212952,2.426228,20.567334,82191.780822,79.908676
0.693000,407.290204,406.960654,182.468880,9.212952,2.426123,20.567334,82191.780822,79.908676
0.694000,407.623488,407.290204,184.686285,9.325305,2.455604,20.567334,82191.780822,79.908676
0.695000,407.952475,407.623488,182.453439,9.212952,2.425913,20.567334,82191.780822,79.908676
0.696000,408.281183,407.952475,182.445795,9.212952,2.425810,20.567334,82191.780822,79.908676
0.697000,408.609613,408.281183,182.438170,9.212952,2.425706,20.567334,82191.780822,79.908676
0.698000,408.937766,408.609613,182.430565,9.212952,2.425602,20.567334,82191.780822,79.908676
0.699000,409.269638,408.937766,184.647603,9.325305,2.455078,20.567334,82191.780822,79.908676
0.700000,409.597235,409.269638,182.415320,9.212952,2.425395,20.567334,82191.780822,79.908676
0.701000,409.924556,409.597235,182.407772,9.212952,2.425292,20.567334,82191.780822,79.908676
0.702000,410.251602,409.924556,182.400244,9.212952,2.425190,20.567334,82191.780822,79.908676
0.703000,410.578375,410.251602,182.392734,9.212952,2.425088,20.567334,82191.780822,79.908676
0.704000,410.908854,410.578375,184.609407,9.325305,2.454558,20.567334,82191.780822,79.908676
0.705000,411.235077,410.908854,182.377680,9.212952,2.424883,20.567334,82191.780822,79.908676
0.706000,411.561028,411.235077,182.370227,9.212952,2.424782,20.567334,82191.780822,79.908676
0.707000,411.886709,411.561028,182.362793,9.212952,2.424681,20.567334,82191.780822,79.908676
0.708000,412.212118,411.886709,182.355377,9.212952,2.424580,20.567334,82191.780822,79.908676
0.709000,412.541221,412.212118,184.571689,9.325305,2.454045,20.567334,82191.780822,79.908676
0.710000,412.866089,412.541221,182.340510,9.212952,2.424378,20.567334,82191.780822,79.908676
0.711000,413.190687,412.866089,182.333149,9.212952,2.424277,20.567334,82191.780822,79.908676
0.712000,413.515018,413.190687,182.325807,9.212952,2.424178,20.567334,82191.780822,79.908676
0.713000,413.839082,413.515018,182.318482,9.212952,2.424078,20.567334,82191.780822,79.908676
0.714000,414.166826,413.839082,184.534438,9.325305,2.453539,20.567334,82191.780822,79.908676
0.715000,414.490354,414.166826,182.303799,9.212952,2.423878,20.567334,82191.780822,79.908676
0.716000,414.813617,414.490354,182.296529,9.212952,2.423779,20.567334,82191.780822,79.908676
0.717000,415.136615,414.813617,182.289277,9.212952,2.423681,20.567334,82191.780822,79.908676
0.718000,415.459350,415.136615,182.282043,9.212952,2.423582,20.567334,82191.780822,79.908676
0.719000,415.781821,415.459350,182.274826,9.212952,2.423484,20.567334,82191.780822,79.908676
0.720000,416.107957,415.781821,184.490358,9.325305,2.452939,20.567334,82191.780822,79.908676
0.721000,416.429900,416.107957,182.260358,9.212952,2.423287,20.567334,82191.780822,79.908676
0.722000,416.751582,416.429900,182.253194,9.212952,2.423190,20.567334,82191.780822,79.908676
0.723000,417.073003,416.751582,182.246047,9.212952,2.423093,20.567334,82191.780822,79.908676
0.724000,417.394164,417.073003,182.238918,9.212952,2.422996,20.567334,82191.780822,79.908676
0.725000,417.718978,417.394164,184.454102,9.325305,2.452446,20.567334,82191.780822,79.908676
0.726000,418.039617,417.718978,182.224626,9.212952,2.422801,20.567334,82191.780822,79.908676
0.727000,418.359999,418.039617,182.217548,9.212952,2.422705,20.567334,82191.780822,79.908676
0.728000,418.680123,418.359999,182.210488,9.212952,2.422609,20.567334,82191.780822,79.908676
0.729000,418.999990,418.680123,182.203445,9.212952,2.422513,20.567334,82191.780822,79.908676
0.730000,419.323497,418.999990,184.418283,9.325305,2.451959,20.567334,82191.780822,79.908676
0.731000,419.642849,419.323497,182.189324,9.212952,2.422321,20.567334,82191.780822,79.908676
0.732000,419.961945,419.642849,182.182332,9.212952,2.422226,20.567334,82191.780822,79.908676
0.733000,420.280788,419.961945,182.175356,9.212952,2.422131,20.567334,82191.780822,79.908676
0.734000,420.599376,420.280788,182.168397,9.212952,2.422037,20.567334,82191.780822,79.908676
0.735000,420.921592,420.599376,184.382893,9.325305,2.451478,20.567334,82191.780822,79.908676
0.736000,421.239671,420.921592,182.154444,9.212952,2.421847,20.567334,82191.780822,79.908676
0.737000,421.557499,421.239671,182.147535,9.212952,2.421753,20.567334,82191.780822,79.908676
0.738000,421.875075,421.557499,182.140642,9.212952,2.421659,20.567334,82191.780822,79.908676
0.739000,422.192400,421.875075,182.133766,9.212952,2.421566,20.567334,82191.780822,79.908676
0.740000,422.509475,422.192400,182.126906,9.212952,2.421472,20.567334,82191.780822,79.908676
0.741000,422.830162,422.509475,184.340996,9.325305,2.450908,20.567334,82191.780822,79.908676
0.742000,423.146735,422.830162,182.113151,9.212952,2.421285,20.567334,82191.780822,79.908676
0.743000,423.463059,423.146735,182.106339,9.212952,2.421193,20.567334,82191.780822,79.908676
0.744000,423.779136,423.463059,182.099544,9.212952,2.421100,20.567334,82191.780822,79.908676
0.745000,424.094965,423.779136,182.092764,9.212952,2.421008,20.567334,82191.780822,79.908676
0.746000,424.414395,424.094965,184.306520,9.325305,2.450439,20.567334,82191.780822,79.908676
0.747000,424.729728,424.414395,182.079170,9.212952,2.420823,20.567334,82191.780822,79.908676
0.748000,425.044816,424.729728,182.072439,9.212952,2.420732,20.567334,82191.780822,79.908676
0.749000,425.359659,425.044816,182.065722,9.212952,2.420640,20.567334,82191.780822,79.908676
0.750000,425.674257,425.359659,182.059022,9.212952,2.420549,20.567334,82191.780822,79.908676
0.751000,425.992444,425.674257,184.272446,9.325305,2.449975,20.567334,82191.780822,79.908676
0.752000,426.306552,425.992444,182.045586,9.212952,2.420366,20.567334,82191.780822,79.908676
0.753000,426.620417,426.306552,182.038932,9.212952,2.420276,20.567334,82191.780822,79.908676
0.754000,426.934041,426.620417,182.032294,9.212952,2.420185,20.567334,82191.780822,79.908676
0.755000,427.247422,426.934041,182.025671,9.212952,2.420095,20.567334,82191.780822,79.908676
0.756000,427.564380,427.247422,184.238767,9.325305,2.449517,20.567334,82191.780822,79.908676
0.757000,427.877277,427.564380,182.012390,9.212952,2.419915,20.567334,82191.780822,79.908676
0.758000,428.189935,427.877277,182.005813,9.212952,2.419825,20.567334,82191.780822,79.908676
0.759000,428.502353,428.189935,181.999251,9.212952,2.419736,20.567334,82191.780822,79.908676
0.760000,428.814532,428.502353,181.992704,9.212952,2.419647,20.567334,82191.780822,79.908676
0.761000,429.130275,428.814532,184.205475,9.325305,2.449064,20.567334,82191.780822,79.908676
0.762000,429.441975,429.130275,181.979576,9.212952,2.419468,20.567334,82191.780822,79.908676
0.763000,429.753438,429.441975,181.973074,9.212952,2.419380,20.567334,82191.780822,79.908676
0.764000,430.064664,429.753438,181.966586,9.212952,2.419292,20.567334,82191.780822,79.908676
0.765000,430.375654,430.064664,181.960114,9.212952,2.419204,20.567334,82191.780822,79.908676
0.766000,430.686409,430.375654,181.953656,9.212952,2.419116,20.567334,82191.780822,79.908676
0.767000,431.000713,430.686409,184.166042,9.325305,2.448528,20.567334,82191.780822,79.908676
0.768000,431.310996,431.000713,181.940706,9.212952,2.418940,20.567334,82191.780822,79.908676
0.769000,431.621044,431.310996,181.934293,9.212952,2.418853,20.567334,82191.780822,79.908676
0.770000,431.930858,431.621044,181.927893,9.212952,2.418766,20.567334,82191.780822,79.908676
0.771000,432.240440,431.930858,181.921509,9.212952,2.418679,20.567334,82191.780822,79.908676
0.772000,432.553560,432.240440,184.133576,9.325305,2.448087,20.567334,82191.780822,79.908676
0.773000,432.862675,432.553560,181.908705,9.212952,2.418505,20.567334,82191.780822,79.908676
0.774000,433.171558,432.862675,181.902363,9.212952,2.418418,20.567334,82191.780822,79.908676
0.775000,433.480211,433.171558,181.896035,9.212952,2.418332,20.567334,82191.780822,79.908676
0.776000,433.788633,433.480211,181.889722,9.212952,2.418246,20.567334,82191.780822,79.908676
0.777000,434.100582,433.788633,184.101475,9.325305,2.447650,20.567334,82191.780822,79.908676
0.778000,434.408542,434.100582,181.877061,9.212952,2.418074,20.567334,82191.780822,79.908676
0.779000,434.716274,434.408542,181.870790,9.212952,2.417989,20.567334,82191.780822,79.908676
0.780000,435.023777,434.716274,181.864533,9.212952,2.417904,20.567334,82191.780822,79.908676
0.781000,435.331052,435.023777,181.858290,9.212952,2.417819,20.567334,82191.780822,79.908676
0.782000,435.641844,435.331052,184.069731,9.325305,2.447218,20.567334,82191.780822,79.908676
0.783000,435.948662,435.641844,181.845770,9.212952,2.417649,20.567334,82191.780822,79.908676
0.784000,436.255255,435.948662,181.839568,9.212952,2.417564,20.567334,82191.780822,79.908676
0.785000,436.561622,436.255255,181.833381,9.212952,2.417480,20.567334,82191.780822,79.908676
0.786000,436.867763,436.561622,181.827206,9.212952,2.417396,20.567334,82191.780822,79.908676
0.787000,437.177409,436.867763,184.038338,9.325305,2.446791,20.567334,82191.780822,79.908676
0.788000,437.483099,437.177409,181.814824,9.212952,2.417228,20.567334,82191.780822,79.908676
0.789000,437.788565,437.483099,181.808691,9.212952,2.417144,20.567334,82191.780822,79.908676
0.790000,438.093807,437.788565,181.802571,9.212952,2.417061,20.567334,82191.780822,79.908676
0.791000,438.398827,438.093807,181.796464,9.212952,2.416978,20.567334,82191.780822,79.908676
0.792000,438.703625,438.398827,181.790371,9.212952,2.416895,20.567334,82191.780822,79.908676
0.793000,439.011914,438.703625,184.001135,9.325305,2.446285,20.567334,82191.780822,79.908676
0.794000,439.316266,439.011914,181.778151,9.212952,2.416729,20.567334,82191.780822,79.908676
0.795000,439.620397,439.316266,181.772097,9.212952,2.416646,20.567334,82191.780822,79.908676
0.796000,439.924307,439.620397,181.766057,9.212952,2.416564,20.567334,82191.780822,79.908676
0.797000,440.227998,439.924307,181.760030,9.212952,2.416482,20.567334,82191.780822,79.908676
0.798000,440.535169,440.227998,183.970492,9.325305,2.445868,20.567334,82191.780822,79.908676
0.799000,440.838419,440.535169,181.747943,9.212952,2.416318,20.567334,82191.780822,79.908676
0.800000,441.141450,440.838419,181.741955,9.212952,2.416237,20.567334,82191.780822,79.908676
0.801000,441.444264,441.141450,181.735980,9.212952,2.416155,20.567334,82191.780822,79.908676
0.802000,441.746860,441.444264,181.730018,9.212952,2.416074,20.567334,82191.780822,79.908676
0.803000,442.052925,441.746860,183.940179,9.325305,2.445456,20.567334,82191.780822,79.908676
0.804000,442.355085,442.052925,181.718060,9.212952,2.415912,20.567334,82191.780822,79.908676
0.805000,442.657028,442.355085,181.712137,9.212952,2.415831,20.567334,82191.780822,79.908676
0.806000,442.958756,442.657028,181.706226,9.212952,2.415751,20.567334,82191.780822,79.908676
0.807000,443.260269,442.958756,181.700328,9.212952,2.415670,20.567334,82191.780822,79.908676
0.808000,443.565240,443.260269,183.910192,9.325305,2.445048,20.567334,82191.780822,79.908676
0.809000,443.866321,443.565240,181.688498,9.212952,2.415509,20.567334,82191.780822,79.908676
0.810000,444.167189,443.866321,181.682638,9.212952,2.415430,20.567334,82191.780822,79.908676
0.811000,444.467843,444.167189,181.676790,9.212952,2.415350,20.567334,82191.780822,79.908676
0.812000,444.768284,444.467843,181.670954,9.212952,2.415271,20.567334,82191.780822,79.908676
0.813000,445.068513,444.768284,181.665131,9.212952,2.415192,20.567334,82191.780822,79.908676
0.814000,445.372187,445.068513,183.874642,9.325305,2.444565,20.567334,82191.780822,79.908676
0.815000,445.671990,445.372187,181.653452,9.212952,2.415033,20.567334,82191.780822,79.908676
0.816000,445.971581,445.671990,181.647666,9.212952,2.414954,20.567334,82191.780822,79.908676
0.817000,446.270962,445.971581,181.641892,9.212952,2.414876,20.567334,82191.780822,79.908676
0.818000,446.570133,446.270962,181.636130,9.212952,2.414797,20.567334,82191.780822,79.908676
0.819000,446.872738,446.570133,183.845350,9.325305,2.444166,20.567334,82191.780822,79.908676
0.820000,447.171488,446.872738,181.624573,9.212952,2.414640,20.567334,82191.780822,79.908676
0.821000,447.470028,447.171488,181.618848,9.212952,2.414562,20.567334,82191.780822,79.908676
0.822000,447.768360,447.470028,181.613135,9.212952,2.414484,20.567334,82191.780822,79.908676
0.823000,448.066484,447.768360,181.607433,9.212952,2.414407,20.567334,82191.780822,79.908676
0.824000,448.368032,448.066484,183.816364,9.325305,2.443772,20.567334,82191.780822,79.908676
0.825000,448.665738,448.368032,181.595997,9.212952,2.414251,20.567334,82191.780822,79.908676
0.826000,448.963238,448.665738,181.590332,9.212952,2.414174,20.567334,82191.780822,79.908676
0.827000,449.260532,448.963238,181.584678,9.212952,2.414097,20.567334,82191.780822,79.908676
0.828000,449.557620,449.260532,181.579036,9.212952,2.414021,20.567334,82191.780822,79.908676
0.829000,449.858122,449.557620,183.787681,9.325305,2.443382,20.567334,82191.780822,79.908676
0.830000,450.154797,449.858122,181.567719,9.212952,2.413867,20.567334,82191.780822,79.908676
0.831000,450.154797,450.154797,0.000000,0.000000,0.000000,0.000000,0.000000,0.000000
0.832000,450.154797,450.154797,0.000000,0.000000,0.000000,0.000000,0.000000,0.000000
0.833000,450.154797,450.154797,0.000000,0.000000,0.000000,0.000000,0.000000,0.000000
0.834000,450.154797,450.154797,0.000000,0.000000,0.000000,0.000000,0.000000,0.000000
0.835000,450.154797,450.154797,0.000000,0.000000,0.000000,0.000000,0.000000,0.000000
0.836000,450.154797,450.154797,0.000000,0.000000,0.000000,0.000000,0.000000,0.000000
0.837000,450.154797,450.154797,0.000000,0.000000,0.000000,0.000000,0.000000,0.000000
0.838000,450.154797,450.154797,0.000000,0.000000,0.000000,0.000000,0.000000,0.000000
0.839000,450.154797,450.154797,0.000000,0.000000,0.000000,0.000000,0.000000,0.000000
0.840000,450.154797,450.154797,0.000000,0.000000,0.000000,0.000000,0.000000,0.000000
0.841000,450.154797,450.154797,0.000000,0.000000,0.000000,0.000000,0.000000,0.000000
0.842000,450.154797,450.154797,0.000000,0.000000,0.000000,0.000000,0.000000,0.000000
0.843000,450.154797,450.154797,0.000000,0.000000,0.000000,0.000000,0.000000,0.000000
0.844000,450.154797,450.154797,0.000000,0.000000,0.000000,0.000000,0.000000,0.000000
0.845000,450.154797,450.154797,0.000000,0.000000,0.000000,0.000000,0.000000,0.000000
0.846000,450.154797,450.154797,0.000000,0.000000,0.000000,0.000000,0.000000,0.000000
0.847000,450.154797,450.154797,0.000000,0.000000,0.000000,0.000000,0.000000,0.000000
0.848000,450.154797,450.154797,0.000000,0.000000,0.000000,0.000000,0.000000,0.000000
0.849000,450.154797,450.154797,0.000000,0.000000,0.000000,0.000000,0.000000,0.000000
0.850000,450.154797,450.154797,0.000000,0.000000,0.000000,0.000000,0.000000,0.000000
0.851000,450.154797,450.154797,0.000000,0.000000,0.000000,0.000000,0.000000,0.000000
0.852000,450.154797,450.154797,0.000000,0.000000,0.000000,0.000000,0.000000,0.000000
0.853000,450.154797,450.154797,0.000000,0.000000,0.000000,0.000000,0.000000,0.000000
0.854000,450.154797,450.154797,0.000000,0.000000,0.000000,0.000000,0.000000,0.000000
0.855000,450.154797,450.154797,0.000000,0.000000,0.000000,0.000000,0.000000,0.000000
0.856000,450.154797,450.154797,0.000000,0.000000,0.000000,0.000000,0.000000,0.000000
0.857000,450.154797,450.154797,0.000000,0.000000,0.000000,0.000000,0.000000,0.000000
0.858000,450.154797,450.154797,0.000000,0.000000,0.000000,0.000000,0.000000,0.000000
0.859000,450.154797,450.154797,0.000000,0.000000,0.000000,0.000000,0.000000,0.000000
0.860000,450.154797,450.154797,0.000000,0.000000,0.000000,0.000000,0.000000,0.000000
0.861000,450.154797,450.154797,0.000000,0.000000,0.000000,0.000000,0.000000,0.000000
0.862000,450.154797,450.154797,0.000000,0.000000,0.000000,0.000000,0.000000,0.000000
0.863000,450.154797,450.154797,0.000000,0.000000,0.000000,0.000000,0.000000,0.000000
0.864000,450.154797,450.154797,0.000000,0.000000,0.000000,0.000000,0.000000,0.000000
0.865000,450.154797,450.154797,0.000000,0.000000,0.000000,0.000000,0.000000,0.000000
0.866000,450.154797,450.154797,0.000000,0.000000,0.000000,0.000000,0.000000,0.000000
0.867000,450.154797,450.154797,0.000000,0.000000,0.000000,0.000000,0.000000,0.000000
0.868000,450.154797,450.154797,0.000000,0.000000,0.000000,0.000000,0.000000,0.000000
0.869000,450.154797,450.154797,0.000000,0.000000,0.000000,0.000000,0.000000,0.000000
0.870000,450.154797,450.154797,0.000000,0.000000,0.000000,0.000000,0.000000,0.000000
0.871000,450.154797,450.154797,0.000000,0.000000,0.000000,0.000000,0.000000,0.000000
0.872000,450.154797,450.154797,0.000000,0.000000,0.000000,0.000000,0.000000,0.000000
0.873000,450.154797,450.154797,0.000000,0.000000,0.000000,0.000000,0.000000,0.000000
0.874000,450.154797,450.154797,0.000000,0.000000,0.000000,0.000000,0.000000,0.000000
0.875000,450.154797,450.154797,0.000000,0.000000,0.000000,0.000000,0.000000,0.000000
0.876000,450.154797,450.154797,0.000000,0.000000,0.000000,0.000000,0.000000,0.000000
0.877000,450.154797,450.154797,0.000000,0.000000,0.000000,0.000000,0.000000,0.000000
0.878000,450.154797,450.154797,0.000000,0.000000,0.000000,0.000000,0.000000,0.000000
0.879000,450.154797,450.154797,0.000000,0.000000,0.000000,0.000000,0.000000,0.000000
0.880000,450.154797,450.154797,0.000000,0.000000,0.000000,0.000000,0.000000,0.000000
0.881000,450.154797,450.154797,0.000000,0.000000,0.000000,0.000000,0.000000,0.000000
0.882000,450.154797,450.154797,0.000000,0.000000,0.000000,0.000000,0.000000,0.000000
0.883000,450.154797,450.154797,0.000000,0.000000,0.000000,0.000000,0.000000,0.000000
0.884000,450.154797,450.154797,0.000000,0.000000,0.000000,0.000000,0.000000,0.000000
0.885000,450.154797,450.154797,0.000000,0.000000,0.000000,0.000000,0.000000,0.000000
0.886000,450.154797,450.154797,0.000000,0.000000,0.000000,0.000000,0.000000,0.000000
0.887000,450.154797,450.154797,0.000000,0.000000,0.000000,0.000000,0.000000,0.000000
0.888000,450.154797,450.154797,0.000000,0.000000,0.000000,0.000000,0.000000,0.000000
0.889000,450.154797,450.154797,0.000000,0.000000,0.000000,0.000000,0.000000,0.000000
0.890000,450.154797,450.154797,0.000000,0.000000,0.000000,0.000000,0.000000,0.000000
0.891000,450.154797,450.154797,0.000000,0.000000,0.000000,0.000000,0.000000,0.000000
0.892000,450.154797,450.154797,0.000000,0.000000,0.000000,0.000000,0.000000,0.000000
0.893000,450.154797,450.154797,0.000000,0.000000,0.000000,0.000000,0.000000,0.000000
0.894000,450.154797,450.154797,0.000000,0.000000,0.000000,0.000000,0.000000,0.000000
0.895000,450.154797,450.154797,0.000000,0.000000,0.000000,0.000000,0.000000,0.000000
0.896000,450.154797,450.154797,0.000000,0.000000,0.000000,0.000000,0.000000,0.000000
0.897000,450.154797,450.154797,0.000000,0.000000,0.000000,0.000000,0.000000,0.000000
0.898000,450.154797,450.154797,0.000000,0.000000,0.000000,0.000000,0.000000,0.000000
0.899000,450.154797,450.154797,0.000000,0.000000,0.000000,0.000000,0.000000,0.000000
0.900000,450.154797,450.154797,0.000000,0.000000,0.000000,0.000000,0.000000,0.000000
0.901000,450.154797,450.154797,0.000000,0.000000,0.000000,0.000000,0.000000,0.000000
0.902000,450.154797,450.154797,0.000000,0.000000,0.000000,0.000000,0.000000,0.000000
0.903000,450.154797,450.154797,0.000000,0.000000,0.000000,0.000000,0.000000,0.000000
0.904000,450.154797,450.154797,0.000000,0.000000,0.000000,0.000000,0.000000,0.000000
0.905000,450.154797,450.154797,0.000000,0.000000,0.000000,0.000000,0.000000,0.000000
0.906000,450.154797,450.154797,0.000000,0.000000,0.000000,0.000000,0.000000,0.000000
0.907000,450.154797,450.154797,0.000000,0.000000,0.000000,0.000000,0.000000,0.000000
0.908000,450.154797,450.154797,0.000000,0.000000,0.000000,0.000000,0.000000,0.000000
0.909000,450.154797,450.154797,0.000000,0.000000,0.000000,0.000000,0.000000,0.000000
0.910000,450.154797,450.154797,0.000000,0.000000,0.000000,0.000000,0.000000,0.000000
0.911000,450.154797,450.154797,0.000000,0.000000,0.000000,0.000000,0.000000,0.000000
0.912000,450.154797,450.154797,0.000000,0.000000,0.000000,0.000000,0.000000,0.000000
0.913000,450.154797,450.154797,0.000000,0.000000,0.000000,0.000000,0.000000,0.000000
0.914000,450.154797,450.154797,0.000000,0.000000,0.000000,0.000000,0.000000,0.000000
0.915000,450.154797,450.154797,0.000000,0.000000,0.000000,0.000000,0.000000,0.000000
0.916000,450.154797,450.154797,0.000000,0.000000,0.000000,0.000000,0.000000,0.000000
0.917000,450.154797,450.154797,0.000000,0.000000,0.000000,0.000000,0.000000,0.000000
0.918000,450.154797,450.154797,0.000000,0.000000,0.000000,0.000000,0.000000,0.000000
0.919000,450.154797,450.154797,0.000000,0.000000,0.000000,0.000000,0.000000,0.000000
0.920000,450.154797,450.154797,0.000000,0.000000,0.000000,0.000000,0.000000,0.000000
0.921000,450.154797,450.154797,0.000000,0.000000,0.000000,0.000000,0.000000,0.000000
0.922000,450.154797,450.154797,0.000000,0.000000,0.000000,0.000000,0.000000,0.000000
0.923000,450.154797,450.154797,0.000000,0.000000,0.000000,0.000000,0.000000,0.000000
0.924000,450.154797,450.154797,0.000000,0.000000,0.000000,0.000000,0.000000,0.000000
0.925000,450.154797,450.154797,0.000000,0.000000,0.000000,0.000000,0.000000,0.000000
0.926000,450.154797,450.154797,0.000000,0.000000,0.000000,0.000000,0.000000,0.000000
0.927000,450.154797,450.154797,0.000000,0.000000,0.000000,0.000000,0.000000,0.000000
0.928000,450.154797,450.154797,0.000000,0.000000,0.000000,0.000000,0.000000,0.000000
0.929000,450.154797,450.154797,0.000000,0.000000,0.000000,0.000000,0.000000,0.000000
0.930000,450.154797,450.154797,0.000000,0.000000,0.000000,0.000000,0.000000,0.000000
0.931000,450.154797,450.154797,0.000000,0.000000,0.000000,0.000000,0.000000,0.000000
0.932000,450.154797,450.154797,0.000000,0.000000,0.000000,0.000000,0.000000,0.000000
0.933000,450.154797,450.154797,0.000000,0.000000,0.000000,0.000000,0.000000,0.000000
0.934000,450.154797,450.154797,0.000000,0.000000,0.000000,0.000000,0.000000,0.000000
0.935000,450.154797,450.154797,0.000000,0.000000,0.000000,0.000000,0.000000,0.000000
0.936000,450.154797,450.154797,0.000000,0.000000,0.000000,0.000000,0.000000,0.000000
0.937000,450.154797,450.154797,0.000000,0.000000,0.000000,0.000000,0.000000,0.000000
0.938000,450.154797,450.154797,0.000000,0.000000,0.000000,0.000000,0.000000,0.000000
0.939000,450.154797,450.154797,0.000000,0.000000,0.000000,0.000000,0.000000,0.000000
0.940000,450.154797,450.154797,0.000000,0.000000,0.000000,0.000000,0.000000,0.000000
0.941000,450.154797,450.154797,0.000000,0.000000,0.000000,0.000000,0.000000,0.000000
0.942000,450.154797,450.154797,0.000000,0.000000,0.000000,0.000000,0.000000,0.000000
0.943000,450.154797,450.154797,0.000000,0.000000,0.000000,0.000000,0.000000,0.000000
0.944000,450.154797,450.154797,0.000000,0.000000,0.000000,0.000000,0.000000,0.000000
0.945000,450.154797,450.154797,0.000000,0.000000,0.000000,0.000000,0.000000,0.000000
0.946000,450.154797,450.154797,0.000000,0.000000,0.000000,0.000000,0.000000,0.000000
0.947000,450.154797,450.154797,0.000000,0.000000,0.000000,0.000000,0.000000,0.000000
0.948000,450.154797,450.154797,0.000000,0.000000,0.000000,0.000000,0.000000,0.000000
0.949000,450.154797,450.154797,0.000000,0.000000,0.000000,0.000000,0.000000,0.000000
0.950000,450.154797,450.154797,0.000000,0.000000,0.000000,0.000000,0.000000,0.000000
0.951000,450.154797,450.154797,0.000000,0.000000,0.000000,0.000000,0.000000,0.000000
0.952000,450.154797,450.154797,0.000000,0.000000,0.000000,0.000000,0.000000,0.000000
0.953000,450.154797,450.154797,0.000000,0.000000,0.000000,0.000000,0.000000,0.000000
0.954000,450.154797,450.154797,0.000000,0.000000,0.000000,0.000000,0.000000,0.000000
0.955000,450.154797,450.154797,0.000000,0.000000,0.000000,0.000000,0.000000,0.000000
0.956000,450.154797,450.154797,0.000000,0.000000,0.000000,0.000000,0.000000,0.000000
0.957000,450.154797,450.154797,0.000000,0.000000,0.000000,0.000000,0.000000,0.000000
0.958000,450.154797,450.154797,0.000000,0.000000,0.000000,0.000000,0.000000,0.000000
0.959000,450.154797,450.154797,0.000000,0.000000,0.000000,0.000000,0.000000,0.000000
0.960000,450.154797,450.154797,0.000000,0.000000,0.000000,0.000000,0.000000,0.000000
0.961000,450.154797,450.154797,0.000000,0.000000,0.000000,0.000000,0.000000,0.000000
0.962000,450.154797,450.154797,0.000000,0.000000,0.000000,0.000000,0.000000,0.000000
0.963000,450.154797,450.154797,0.000000,0.000000,0.000000,0.000000,0.000000,0.000000
0.964000,450.154797,450.154797,0.000000,0.000000,0.000000,0.000000,0.000000,0.000000
0.965000,450.154797,450.154797,0.000000,0.000000,0.000000,0.000000,0.000000,0.000000
0.966000,450.154797,450.154797,0.000000,0.000000,0.000000,0.000000,0.000000,0.000000
0.967000,450.154797,450.154797,0.000000,0.000000,0.000000,0.000000,0.000000,0.000000
0.968000,450.154797,450.154797,0.000000,0.000000,0.000000,0.000000,0.000000,0.000000
0.969000,450.154797,450.154797,0.000000,0.000000,0.000000,0.000000,0.000000,0.000000
0.970000,450.154797,450.154797,0.000000,0.000000,0.000000,0.000000,0.000000,0.000000
0.971000,450.154797,450.154797,0.000000,0.000000,0.000000,0.000000,0.000000,0.000000
0.972000,450.154797,450.154797,0.000000,0.000000,0.000000,0.000000,0.000000,0.000000
0.973000,450.154797,450.154797,0.000000,0.000000,0.000000,0.000000,0.000000,0.000000
0.974000,450.154797,450.154797,0.000000,0.000000,0.000000,0.000000,0.000000,0.000000
0.975000,450.154797,450.154797,0.000000,0.000000,0.000000,0.000000,0.000000,0.000000
0.976000,450.154797,450.154797,0.000000,0.000000,0.000000,0.000000,0.000000,0.000000
0.977000,450.154797,450.154797,0.000000,0.000000,0.000000,0.000000,0.000000,0.000000
0.978000,450.154797,450.154797,0.000000,0.000000,0.000000,0.000000,0.000000,0.000000
0.979000,450.154797,450.154797,0.000000,0.000000,0.000000,0.000000,0.000000,0.000000
0.980000,450.154797,450.154797,0.000000,0.000000,0.000000,0.000000,0.000000,0.000000
0.981000,450.154797,450.154797,0.000000,0.000000,0.000000,0.000000,0.000000,0.000000
0.982000,450.154797,450.154797,0.000000,0.000000,0.000000,0.000000,0.000000,0.000000
0.983000,450.154797,450.154797,0.000000,0.000000,0.000000,0.000000,0.000000,0.000000
0.984000,450.154797,450.154797,0.000000,0.000000,0.000000,0.000000,0.000000,0.000000
0.985000,450.154797,450.154797,0.000000,0.000000,0.000000,0.000000,0.000000,0.000000
0.986000,450.154797,450.154797,0.000000,0.000000,0.000000,0.000000,0.000000,0.000000
0.987000,450.154797,450.154797,0.000000,0.000000,0.000000,0.000000,0.000000,0.000000
0.988000,450.154797,450.154797,0.000000,0.000000,0.000000,0.000000,0.000000,0.000000
0.989000,450.154797,450.154797,0.000000,0.000000,0.000000,0.000000,0.000000,0.000000
0.990000,450.154797,450.154797,0.000000,0.000000,0.000000,0.000000,0.000000,0.000000
0.991000,450.154797,450.154797,0.000000,0.000000,0.000000,0.000000,0.000000,0.000000
0.992000,450.154797,450.154797,0.000000,0.000000,0.000000,0.000000,0.000000,0.000000
0.993000,450.154797,450.154797,0.000000,0.000000,0.000000,0.000000,0.000000,0.000000
0.994000,450.154797,450.154797,0.000000,0.000000,0.000000,0.000000,0.000000,0.000000
0.995000,450.154797,450.154797,0.000000,0.000000,0.000000,0.000000,0.000000,0.000000
0.996000,450.154797,450.154797,0.000000,0.000000,0.000000,0.000000,0.000000,0.000000
0.997000,450.154797,450.154797,0.000000,0.000000,0.000000,0.000000,0.000000,0.000000
0.998000,450.154797,450.154797,0.000000,0.000000,0.000000,0.000000,0.000000,0.000000
0.999000,450.154797,450.154797,0.000000,0.000000,0.000000,0.000000,0.000000,0.000000
1.000000,450.154797,450.154797,0.000000,0.000000,0.000000,0.000000,0.000000,0.000000
